,iht5,kziht5,iht10,kziht10,iht20,kziht20,iht50,kziht50,iht100,kziht100,iht150,kziht150,iht200,kziht200
0,0.37403727375688783,0.5135260091676495,0.4464214168499474,0.5268049520879174,0.5282544420659733,0.5601737610674474,0.7458081077913661,0.6222074788900052,0.9663608698044709,0.6959018291330484,1.1226113864129181,0.736685650162813,1.2185514549188885,0.76783859929894
1,0.18049476747754803,0.26628887367548315,0.28304530472739947,0.28342103337834446,0.43894803093322793,0.3153113699212745,1.0194612177143578,0.3977676226784396,1.6464243587383933,0.4974551792686828,2.179141890304486,0.5594435076667975,2.586672528759294,0.614491666555974
2,0.08863107306989347,0.138419991990872,0.1859772380216551,0.15096522974666896,0.38522732635206397,0.1801052311753281,1.4883474512837092,0.25920103444865394,3.360284617802394,0.36582184031933684,5.295050275036558,0.437136224376113,6.9901558617748085,0.5032558756529043
3,0.04349547457523949,0.07180910672169687,0.12256646258499104,0.08188785756324331,0.3618730196014951,0.10372550108380359,2.3028185686118214,0.169198120218481,7.102589094532465,0.2724136708789628,13.467488310360498,0.3480377171407937,20.044730622236045,0.42349263311833235
4,0.020414488887050868,0.0374049890451262,0.08059283975668671,0.04508050783631652,0.34025446993168224,0.06047991207988868,3.9331570036843613,0.11088204491750865,16.372192523972668,0.20199557139094892,36.48899678022643,0.2797447564957897,60.62732365783824,0.35984605969115946
5,0.00976659750673784,0.019514527490683546,0.05141074731734941,0.024623783558036356,0.3360351875951808,0.034308697706900745,6.669318340578794,0.07221515215516958,38.44661685632326,0.15008125715665357,101.08360090968341,0.2267072708126032,187.54678257270817,0.3067579906134395
6,0.004533363060442298,0.01011496302040705,0.03332771465234738,0.013180561311349174,0.32822485057572703,0.01946329538492063,12.03670181132201,0.04704019855120765,92.6703857679474,0.11148548477059203,285.5918160981336,0.18438441262370017,590.667825414999,0.26299637259618774
7,0.002161088345794539,0.005198719657976037,0.02127364466263087,0.0071889424466979514,0.33378254318277845,0.010869218351385943,21.76445891274881,0.030338234377322686,225.74374025060257,0.08285876713855055,816.0177010994313,0.1494361459450682,1882.285808179307,0.2251181226817186
8,0.0010494733156534105,0.0026933910452077788,0.013666261245884144,0.0038515708738317174,0.3408046483699954,0.0062311225206888345,40.30477245034746,0.01975254386731614,555.4035320737203,0.06059777543565208,2353.515534332699,0.12121246756540881,6054.328028299298,0.1930634377344839
9,0.0005169342314041797,0.0014242338359907849,0.008694084464375848,0.00208243514327784,0.35638715494902257,0.003508280986081091,74.9079291021771,0.012589342291911283,1375.9063421882397,0.04454852012780413,6838.84753438025,0.09678488549799522,19617.703368223236,0.1657059398724228
10,0.0002576746485061205,0.0007413260371429302,0.005434854504724926,0.001131526707066977,0.37740319577118275,0.00200260375262771,140.5121212043795,0.00784062718414992,3427.993118505787,0.03231583281858451,20001.472458956352,0.07707843762502703,63950.010915813065,0.1420978576354341
11,0.00012979370008864806,0.00039036393179364996,0.0033623087679950634,0.0006176476648411968,0.4112599951770278,0.001138363433741966,264.50153522275843,0.004930186692539267,8579.07056999004,0.023578713440076705,58839.97715104966,0.06104307041014739,209558.96625976893,0.12219831681729751
12,6.599997461691028e-05,0.00020772720914573144,0.002172188038229419,0.00034002959106326587,0.4620538540645199,0.0006485431005262114,500.37873442158116,0.003053115163009442,21556.798730769206,0.016947281381445328,173962.83165955037,0.04824397311770337,689723.0691652523,0.10432391152144943
13,3.385435835595906e-05,0.00010966945063951261,0.0013958871257156742,0.00018758639673743764,0.5322707159607664,0.0003690793671194035,949.4870601995576,0.001932120502229244,54356.49413189874,0.012156807883966843,516652.8809958041,0.03791041052697969,2279207.0785546186,0.08883569990730578
14,1.75067612968312e-05,5.784048240508779e-05,0.0008713327277838581,0.00010414905238503542,0.6329849371057601,0.00021030748176894718,1807.7953246396928,0.0012131933566250578,137443.657348962,0.008611994790325213,1540268.76617484,0.0296810769876839,7560269.569895077,0.07472341014214615
15,9.122216805186066e-06,3.0663410685086796e-05,0.0005528857350645489,5.7220435225465935e-05,0.7704499997761123,0.0001194894492832148,3450.056132231498,0.0007681975311822477,348373.872994225,0.006028306720210481,4606729.263058011,0.02307456577275042,25156724.93830473,0.0627429611372246
16,4.787514465132725e-06,1.6387503387102626e-05,0.0003571273742793315,3.1839866253696166e-05,0.9683640572245735,6.888575760861414e-05,6596.4376050797255,0.0004893354239131593,884935.9156788258,0.004260736134380624,13817155.088651137,0.017988260840522456,83942331.8342672,0.052510800569300936
17,2.5296856918514303e-06,8.728836122999679e-06,0.00023423210308225268,1.7547583453730865e-05,1.2314091182485334,3.9950795080744456e-05,12633.766405152088,0.0003122531789772113,2252443.084233889,0.002968234125114108,41551034.246493645,0.013956026087888878,280869725.59050715,0.04392755599389257
18,1.345288678234452e-06,4.717190863499404e-06,0.00015374568176793852,9.799551195085614e-06,1.6067326676669011,2.298431255360455e-05,24232.026475271105,0.00019883266116714124,5743591.075849809,0.0020744685914374024,125261558.53578411,0.01075268723011902,942169739.302122,0.0365331350842409
19,7.198017242058363e-07,2.5188589656685642e-06,0.00010237154452761533,5.414375595460003e-06,2.097401576492642,1.3309375237283922e-05,46542.676106547515,0.00012711781575623404,14668693.840656653,0.0014615486015599555,378469088.06314206,0.008250911995176281,3167193905.565864,0.03016978419399786
20,3.8736704588506857e-07,1.3585353308635872e-06,6.900885276802067e-05,3.0294238892202365e-06,2.7948544443334282,7.677000922889631e-06,89500.48599092643,8.131182123459677e-05,37512830.43627737,0.0010305248212494106,1145747655.9585187,0.006294296901107087,10665724888.885971,0.024857033903095654
21,2.0961155779946127e-07,7.296286793008128e-07,4.699409447840093e-05,1.6849701706037134e-06,3.7190301172842997,4.498113628304593e-06,172306.6148181954,5.2227139630930096e-05,96053203.39784525,0.0007214915445876841,3474108794.2402105,0.00483631875450816,35977427699.39382,0.02044708112071606
22,1.1401620278289136e-07,3.948917399306038e-07,3.228424404529284e-05,9.462760550902607e-07,5.030790860222495,2.6329094798401898e-06,332066.41002153105,3.366224565331059e-05,246249589.59342968,0.0005090956964011542,10549032690.986698,0.0036666501985040145,121544649443.94614,0.016766375238470063
23,6.232439188574322e-08,2.1228293556168192e-07,2.2351463475732697e-05,5.301833947487912e-07,6.795874335466351,1.553015792926581e-06,640622.1179780926,2.177739767812753e-05,632157524.023444,0.00035905941743214604,32073714810.588917,0.0027927815161956897,411176030488.8276,0.013680482790612512
24,3.422758194270886e-08,1.1606270301637928e-07,1.558262803983546e-05,2.961842355333985e-07,9.260276759192584,9.039894214889513e-07,1237188.6757132285,1.4166797261511183e-05,1625108406.159188,0.0002539643535628113,97634265068.81042,0.0021146973700539567,1392874539150.3914,0.011103331834250378
25,1.8880475785798146e-08,6.178456636150729e-08,1.093203219609918e-05,1.6859335543996048e-07,12.626525004147467,5.301326716193875e-07,2391682.0686897608,9.209810236625571e-06,4182543385.268476,0.00018030164361423003,297518118603.548,0.0015861751775478237,4724700292077.524,0.009038731977353814
26,1.0458404863814958e-08,3.377354430294898e-08,7.713065637332264e-06,9.512406851480566e-08,17.30598815361461,3.129039733496641e-07,4628546.425981566,5.989014706276585e-06,10775418986.679136,0.00012791436421543529,907351074195.7579,0.0012031589654834464,16047024248235.61,0.007332376000559206
27,5.816162357524295e-09,1.839583181855882e-08,5.469950660233173e-06,5.359840888192438e-08,23.714202166848466,1.8266727307637904e-07,8966699.092695165,3.866860032982022e-06,27785315470.52583,9.066082967899848e-05,2769183367902.7363,0.0009082735175136328,54564768004308.77,0.005910533195574814
28,3.246642355715439e-09,9.89831343084332e-09,3.8972032899368575e-06,3.023364068060409e-08,32.58529084479894,1.0762280658059762e-07,17387336.578526534,2.5246932233072153e-06,71707306658.4732,6.430974599807174e-05,8457001085898.737,0.0006813329912834863,185724580727674.0,0.004733815028182488
29,1.8187502790120243e-09,5.34491624493668e-09,2.7882729665970676e-06,1.7125651253211674e-08,44.78001404241851,6.410738715995857e-08,33748732.24963789,1.654948096481953e-06,185206121533.63718,4.598625672251161e-05,25844544339258.066,0.0005118116067388727,632810939106940.4,0.003808902410283293
30,1.0222842455822722e-09,2.9192904028240756e-09,2.002371290439695e-06,9.696778546332113e-09,61.65600673754239,3.8128664893307054e-08,65567081.76114173,1.0822250587942395e-06,478700192706.8448,3.301257413799701e-05,79033622443309.48,0.00038373645744215943,2158243197186271.0,0.0030446018784622826
31,5.764409142024082e-10,1.5929817985413164e-09,1.4428134977324583e-06,5.466664295286156e-09,84.92900637566467,2.2586842774421218e-08,127505318.4834056,7.021226553014256e-07,1238183567714.2185,2.369448604560666e-05,241829095750849.9,0.0002892816436718678,7367246846619571.0,0.0024494918962298675
32,3.260258958364303e-10,8.76121225230491e-10,1.0427385954484753e-06,3.127781726223732e-09,117.16508653615325,1.3297655268834932e-08,248180336.2390564,4.587556658832978e-07,3204679630671.2163,1.7079942180235096e-05,740377274434828.0,0.00021896101116507556,2.516954882808077e+16,0.0019682939658662952
33,1.8492601533067107e-10,4.795395796309195e-10,7.55609720431518e-07,1.7765043926145876e-09,161.72959515935855,7.845695601353097e-09,483501333.7789058,3.011233504508723e-07,8299905605678.442,1.2330050766121862e-05,2268023127245892.5,0.0001660071290889051,8.60557141042247e+16,0.0015764799468176705
34,1.0517959055759826e-10,2.6518451889035146e-10,5.488413731696017e-07,1.0095181330358116e-09,223.49582123208566,4.642995045976027e-09,942792246.3042127,1.980638643414781e-07,21511666671996.543,8.871062045569783e-06,6951513295727052.0,0.00012628844474629134,2.9444453615216723e+17,0.001263164725088897
35,5.997850479830827e-11,1.4728915836395071e-10,3.994903566293874e-07,5.684034147280072e-10,309.05009123326397,2.773579070031406e-09,1840006088.9399762,1.2917721070035454e-07,55790077966854.99,6.378730017068914e-06,2.1317753087271264e+16,9.625766577007054e-05,1.0081399547593592e+18,0.001006933352427228
36,3.4287631235205674e-11,8.043386222702126e-11,2.9132023006249555e-07,3.230827957082548e-10,427.7568544918065,1.6644603899706148e-09,3594217099.4992704,8.490792642974382e-08,144795677252803.66,4.6093971549488284e-06,6.540468798560356e+16,7.377212266521486e-05,3.4541611336261514e+18,0.0008050091344145718
37,1.964751491844295e-11,4.393436346918458e-11,2.1278724762514304e-07,1.8314049403418108e-10,592.4707810713454,9.914478533274213e-10,7026966814.060703,5.571844199295754e-08,376026527933169.06,3.334971506533211e-06,2.007529280470382e+17,5.6223479916254123e-05,1.1842599976379679e+19,0.0006400705328278542
38,1.128391730679943e-11,2.419894441489668e-11,1.5564924738831176e-07,1.0383058762029653e-10,821.2913930119029,5.933719331475639e-10,13750127063.015467,3.679179279185804e-08,977098161149457.1,2.4188203261087597e-06,6.164420908209258e+17,4.299108177902757e-05,4.062795064840578e+19,0.0005115012330859639
39,6.494575427049857e-12,1.3239093824684478e-11,1.1399874879726036e-07,5.858384209023244e-11,1139.2816655739318,3.5409082208545126e-10,26928817874.41294,2.4139191289187315e-08,2540377068755737.0,1.747571131806885e-06,1.8936293487515978e+18,3.288611887803345e-05,1.3946721217509925e+20,0.00040882438241153946
40,3.745753008868157e-12,7.2579401150655885e-12,8.358693135723038e-08,3.361382986840167e-11,1581.6032413355838,2.1107155644957553e-10,52783244705.766556,1.5899623704009597e-08,6608081899595959.0,1.2618075978181954e-06,5.819274157570257e+18,2.502240165488497e-05,4.7907910071662464e+20,0.00032460844324915574
41,2.1646508549950838e-12,3.966346598900383e-12,6.134838859528933e-08,1.9248370313718652e-11,2197.1640435047607,1.2536169313595247e-10,103547456094.65186,1.0438082829199483e-08,1.7198081289167774e+16,9.126192523111882e-07,1.7889452280927658e+19,1.911239685013426e-05,1.646588125140603e+21,0.00025785914385045996
42,1.253302629751539e-12,2.195561612544266e-12,4.506532743174569e-08,1.085192690530913e-11,3054.4943150174745,7.518268975405235e-11,203302896758.08356,6.850584594955985e-09,4.4781204701424584e+16,6.612320834006993e-07,5.501243291953151e+19,1.4613221575091778e-05,5.662306589148939e+21,0.00020617978818160307
43,7.269714232503846e-13,1.2099361075623925e-12,3.3129185130921854e-08,6.192728384478709e-12,4249.18101112053,4.4823535676092e-11,399488791580.53577,4.491025250988712e-09,1.1665961913979672e+17,4.779371447772265e-07,1.692224729130386e+20,1.1221919685432726e-05,1.948211253627226e+22,0.00016524437525932502
44,4.224076553787503e-13,6.712595432383641e-13,2.4370675540850322e-08,3.5552320154735074e-12,5915.1220508438955,2.6746896257310775e-11,785630863031.3137,2.961636419574308e-09,3.040560496519502e+17,3.4588769518482734e-07,5.2069591181512645e+20,8.630947936450208e-06,6.706827598002958e+22,0.00013237219557854317
45,2.458503531933858e-13,3.720369840021134e-13,1.7938147077214205e-08,2.013166953173651e-12,8239.479469420548,1.609324367375384e-11,1546255563196.6135,1.9465024140068187e-09,7.928504821640625e+17,2.5215579099297347e-07,1.6026173298214277e+21,6.584380605148578e-06,2.3100761024037377e+23,0.00010629242203693622
46,1.4331517370337203e-13,2.0847472956481229e-13,1.3210209728006934e-08,1.1464911415719245e-12,11484.501338908716,9.637707229415374e-12,3045710395890.4307,1.293713514605319e-09,2.0683914881278292e+18,1.833142738174485e-07,4.93410443107526e+21,5.044177696583716e-06,7.96086891987841e+23,8.552993126905188e-05
47,8.367958942210803e-14,1.1632118646891198e-13,9.73277526575891e-09,6.484107710621288e-13,16017.32243047538,5.803884485737296e-12,6003938196958.715,8.50912754459222e-10,5.398650349595956e+18,1.3370621904583988e-07,1.519556876613179e+22,3.883545072146254e-06,2.7448179305812124e+24,6.892208209383164e-05
48,4.892660686088964e-14,6.586233397151165e-14,7.1735581033931635e-09,3.6760976278674965e-13,22352.66076775506,3.5483948349347586e-12,11844580449579.64,5.614951449978945e-10,1.4097019641659572e+19,9.698239743568201e-08,4.6811132881284165e+22,2.9878116767035206e-06,9.468534572358801e+24,5.547971652687898e-05
49,2.864980838732068e-14,3.7096149869572584e-14,5.289109229814195e-09,2.0872532320511032e-13,31211.971400274728,2.117662886963245e-12,23384845276878.67,3.685817720917544e-10,3.6825742027255103e+19,7.056701278407019e-08,1.442478090775774e+23,2.2940105939613885e-06,3.2678079965410803e+25,4.464192677072214e-05
50,1.6793832298390656e-14,2.120221879537779e-14,3.900875496851477e-09,1.1931536463644918e-13,43607.45028643287,1.2768052939786577e-12,46203626630729.97,2.4287033906487007e-10,9.623964747776926e+19,5.145846615111798e-08,4.4462506647356954e+23,1.7623203288197768e-06,1.1283215366251074e+26,3.585228667796594e-05
51,9.863021268235994e-15,1.2670847871546462e-14,2.8777774803705896e-09,6.813328848176496e-14,60959.30185851722,7.703945469788893e-13,91356549201004.98,1.6220228672308736e-10,2.5161223251750247e+20,3.757216746153592e-08,1.3708641522418755e+24,1.3581457719096031e-06,3.897700680945845e+26,2.9033308306956477e-05
52,5.797029751195808e-15,8.197543127758062e-15,2.1235076238007845e-09,3.894503982840191e-14,85261.56343307738,4.678402942952263e-13,180767600406395.3,1.064028817697985e-10,6.580846349915639e+20,2.7290037368530413e-08,4.227744047164733e+24,1.0497292236327712e-06,1.347042776973341e+27,2.347082726024044e-05
53,3.4151117533711017e-15,5.907700463713972e-15,1.5672548292149228e-09,2.2689586406229156e-14,119314.60600537308,2.8119867593657524e-13,357943054412577.6,7.017063272970529e-11,1.7218730918309897e+21,1.9873311245966945e-08,1.3041788499511965e+25,8.097924738285351e-07,4.657471228658938e+27,1.9035449219138934e-05
54,2.010291021350141e-15,4.691164219415383e-15,1.1569212506651177e-09,1.3507894328800685e-14,167053.28373076837,1.6851985517008243e-13,709275263665978.1,4.619961794544887e-11,4.5069948433510296e+21,1.4514447202474017e-08,4.024239533712535e+25,6.270885493766933e-07,1.6110666257915914e+28,1.537267624081773e-05
55,1.1882355412015813e-15,4.040555282490962e-15,8.54155479141098e-10,8.4992854168728e-15,234008.14317199573,1.0202368778121845e-13,1406430389599389.8,3.042837569709271e-11,1.180148571742562e+22,1.059834402732322e-08,1.2420635159182453e+26,4.837055360157566e-07,5.5753220042590425e+28,1.2431982970112084e-05
56,7.000961965277428e-16,3.6585707042703404e-15,6.307114887516212e-10,5.6504062434840414e-15,327955.9969403768,6.144156716528317e-14,2790738839333204.5,2.0149232525042695e-11,3.091343051185882e+22,7.705984098384602e-09,3.834491447568569e+26,3.752056963894492e-07,1.930270205062789e+29,1.0070518816739202e-05
57,4.164621350111525e-16,3.4157310501877025e-15,4.657769478376121e-10,4.183963875839868e-15,459835.6998130424,3.7133918958195253e-14,5541312014052734.0,1.3278247839846755e-11,8.100574608735373e+22,5.632593978977801e-09,1.1840788019797046e+27,2.901354060876252e-07,6.685847643564994e+29,8.165071268624968e-06
58,2.4741688456420104e-16,3.2493483677809147e-15,3.440110016867582e-10,3.4099358418447164e-15,645039.8532755761,2.2642834735486933e-14,1.1010152998567994e+16,8.809314167691786e-12,2.1234390348815703e+23,4.073797438103963e-09,3.6572594718744363e+27,2.238642711963234e-07,2.3167732802560992e+30,6.60691257085487e-06
59,1.4790409238214386e-16,3.120034162813467e-15,2.541020786834462e-10,3.0076472013390054e-15,905235.0377929523,1.3946416621093972e-14,2.189053127768614e+16,5.837357351182486e-12,5.5682198891546837e+23,2.9531468925202256e-09,1.129875715274654e+28,1.7332439813907051e-07,8.031519516075095e+30,5.369180042294445e-06
60,8.787222833302365e-17,3.0319035819942206e-15,1.877071220372993e-10,2.765263589194324e-15,1270929.846238375,8.872231977055493e-15,4.355081453610633e+16,3.883817590781452e-12,1.4606388873480548e+24,2.150450267699784e-09,3.491438023889276e+28,1.3427512470573195e-07,2.785463139492653e+31,4.358122872585715e-06
61,5.2060573856444574e-17,2.9543933039709614e-15,1.3867101448848396e-10,2.60754857519418e-15,1785096.61670385,5.907116525954759e-15,8.66978070893816e+16,2.5647188124550367e-12,3.8328035507514846e+24,1.5694898591382998e-09,1.0791356671177076e+29,1.0437429056262542e-07,9.664535293188568e+31,3.5346614036934333e-06
62,3.15201415990052e-17,2.897126111070034e-15,1.0245172239913077e-10,2.517163592385037e-15,2508282.9607407623,4.1708076372298e-15,1.7269771995262928e+17,1.6972201637033327e-12,1.0060853574253997e+25,1.1444817645959101e-09,3.3361468535386146e+29,8.138338090008812e-08,3.354646117772673e+32,2.8658971040143124e-06
63,1.7586535571121547e-17,2.847121348787351e-15,7.569691780281745e-11,2.450706261814294e-15,3525825.3998756493,3.198684080408787e-15,3.442124424086797e+17,1.1282609001261214e-12,2.6417702205161637e+25,8.379596287176586e-10,1.0315993662064121e+30,6.310160916070963e-08,1.1649114171122271e+33,2.3220680750746936e-06
64,1.159654495356018e-17,2.7907032235633442e-15,5.5931901171846714e-11,2.403993671340082e-15,4958034.604350988,2.649732222551953e-15,6.864719751833862e+17,7.528317829589055e-13,6.9389635092448965e+25,6.112563823384127e-10,3.1906060587695986e+30,4.887430336302406e-08,4.046856300303773e+33,1.8914567154173495e-06
65,7.015216568765111e-18,2.7555177673229996e-15,4.132957545510509e-11,2.363390422934533e-15,6974577.5321282735,2.3530366279736825e-15,1.3698410459207447e+18,4.976611469816849e-13,1.8231859169896338e+26,4.4686537780652223e-10,9.870313739038433e+30,3.7740004844831205e-08,1.4064346778610567e+34,1.538166549254881e-06
66,4.645797783556725e-18,2.705295004024505e-15,3.054076803109224e-11,2.314601353953637e-15,9814793.126742376,2.163937063792611e-15,2.7350388826376125e+18,3.315416362370919e-13,4.791831890175575e+26,3.259153741801645e-10,3.0541041713784885e+31,2.9294755604770433e-08,4.889860023431212e+34,1.2525067818934825e-06
67,3.4956408098143796e-18,2.6713427028665316e-15,2.2569124994465456e-11,2.284003980292026e-15,13816393.896315427,2.0416603696039122e-15,5.463836292548067e+18,2.1953529339587163e-13,1.2598068230449767e+27,2.380324964813608e-10,9.452165951186632e+31,2.272018188216972e-08,1.700773635003196e+35,1.0201186949584386e-06
68,2.702718419327377e-18,2.6462397761004636e-15,1.6678748936047008e-11,2.261300180203601e-15,19456026.55408386,1.9579330799511755e-15,1.0921130772363715e+19,1.4501187183789956e-13,3.313108387972362e+27,1.7321291580280256e-10,2.9259906936259908e+32,1.7726782836041524e-08,5.91790446555318e+35,8.297835825149109e-07
69,2.3463477347240558e-18,2.6050561237592532e-15,1.232607707812991e-11,2.2387859390311228e-15,27406602.069970984,1.9055494669992655e-15,2.1840784932429742e+19,9.580920301531446e-14,8.71553818814213e+27,1.2687017883251498e-10,9.059582473990611e+32,1.3854493669506627e-08,2.0599601923487124e+36,6.787325440678605e-07
70,1.934491649926472e-18,2.5781136177322037e-15,9.109555901792769e-12,2.206395083508619e-15,38618348.27030508,1.8678424921822527e-15,4.370132240277248e+19,6.347660318133664e-14,2.293386558002806e+28,9.236583614798842e-11,2.805670173011056e+33,1.0747703174808298e-08,7.173270713977678e+36,5.526289933512786e-07
71,1.5503782652260193e-18,2.553812139800532e-15,6.732553903533376e-12,2.189269930325424e-15,54433422.924236834,1.8374319597136975e-15,8.748662510743426e+19,4.2166218273475506e-14,6.036461644732474e+28,6.748960099567228e-11,8.690761014452042e+33,8.362411463187944e-09,2.498855713265358e+37,4.491231428103167e-07
72,1.5503782652260193e-18,2.5425182877503364e-15,4.97589720574529e-12,2.1803088829401326e-15,76748019.09687494,1.8076468787116275e-15,1.7522844122922625e+20,2.812128438821837e-14,1.589305691090808e+29,4.9182460341300844e-11,2.692596953239877e+34,6.527411456389387e-09,8.708206850261026e+37,3.657636710585053e-07
73,1.5503782652260193e-18,2.526510744428833e-15,3.677657120101169e-12,2.1650390439783714e-15,108241685.78469805,1.7820101527618465e-15,3.511385756582705e+20,1.891913422443031e-14,4.185525174320229e+29,3.597610157452399e-11,8.344049128978833e+34,5.06667688997194e-09,3.0358331829512244e+38,2.9843599415294127e-07
74,1.5503782652260193e-18,2.512467014590039e-15,2.7181761953722717e-12,2.1408241560797676e-15,152701799.8690633,1.7645707472667915e-15,7.039774143506857e+20,1.2701045335378832e-14,1.1025740290263357e+30,2.6227281975458124e-11,2.586270485863343e+35,3.953628009657703e-09,1.058733560209046e+39,2.424961557934619e-07
75,1.5503782652260193e-18,2.4851445045166665e-15,2.0090531797509886e-12,2.1293803297937182e-15,215482755.5121901,1.7461887609545039e-15,1.412018673139628e+21,8.684616476225614e-15,2.9052173538293284e+30,1.9122232012780267e-11,8.017930200391544e+35,3.0911916472163226e-09,3.6936271085978874e+39,1.9793609816772247e-07
76,1.5503782652260193e-18,2.4725703150115574e-15,1.4849456958508324e-12,2.1023209844499636e-15,304155927.81176996,1.728256677661156e-15,2.8334728210128233e+21,6.0344503369904886e-15,7.657030907289971e+30,1.400326950532307e-11,2.486231134255822e+36,2.4025167759093725e-09,1.2890654951295862e+40,1.6166451599692985e-07
77,1.5503782652260193e-18,2.4601022513529437e-15,1.0975771555469357e-12,2.09151620668948e-15,429429834.47877175,1.7102427554709792e-15,5.688398324484958e+21,4.369844383305943e-15,2.0186030993047094e+31,1.0288808868384843e-11,7.711010877559672e+36,1.8746657582077447e-09,4.500393057722026e+40,1.318333687297521e-07
78,1.5503782652260193e-18,2.4468043554879537e-15,8.112685400795497e-13,2.0785355807687142e-15,606453053.978293,1.6965965402712861e-15,1.14248052040161e+22,3.2644141507383404e-15,5.322897953173718e+31,7.539497618969198e-12,2.392056412395727e+37,1.4590230585191184e-09,1.57172800071345e+41,1.0791318091134526e-07
79,1.5503782652260193e-18,2.429263350570701e-15,5.996515445614203e-13,2.0658076499411596e-15,856659431.5552908,1.6808893937472513e-15,2.2955727547624076e+22,2.6016036086186324e-15,1.403944550367683e+32,5.528323184664933e-12,7.422009808291578e+37,1.139411502246277e-09,5.4910293354522374e+41,8.819651897463987e-08
80,1.5503782652260193e-18,2.4160036345166617e-15,4.432363530738744e-13,2.0580150466072725e-15,1210381724.0596604,1.6760189229258139e-15,4.61437040167798e+22,2.2030801227778805e-15,3.70385827803179e+32,4.066091930970098e-12,2.303357608497774e+38,8.859164640713274e-10,1.919011201506544e+42,7.196332063147658e-08
81,1.5503782652260193e-18,2.4053171180510035e-15,3.2762570068805415e-13,2.0506059556092558e-15,1710554311.539334,1.6609302451618195e-15,9.279161682696119e+22,1.9634584392565405e-15,9.773708315881086e+32,2.9592550266213827e-12,7.149747518030745e+38,6.906472668123837e-10,6.708826611874275e+42,5.8797730514827646e-08
82,1.5503782652260193e-18,2.3895820203297325e-15,2.4217223223737157e-13,2.0435377239993683e-15,2417959624.723179,1.6488094782512709e-15,1.866705376346371e+23,1.8083782808261254e-15,2.5796634491463845e+33,2.174052238047099e-12,2.2197767499406693e+39,5.397094744122847e-10,2.346166754246939e+43,4.820949846874938e-08
83,1.5503782652260193e-18,2.3793432089738726e-15,1.7900987279109429e-13,2.0373791773662152e-15,3418663060.4112053,1.6398486231559385e-15,3.7567258022938507e+23,1.7050148246866808e-15,6.810256714109647e+33,1.5971421224843162e-12,6.893137305608945e+39,4.2204200075173914e-10,8.207528029299008e+43,3.9391799189943444e-08
84,1.5503782652260193e-18,2.378125066567094e-15,1.3232374494698154e-13,2.0314105153665927e-15,4834550920.571871,1.6307145910613877e-15,7.56320590120846e+23,1.6293650599348791e-15,1.7982861651699058e+34,1.1632304028472925e-12,2.1409838714092973e+40,3.285918665082315e-10,2.8721360143663623e+44,3.221447929219494e-08
85,1.5503782652260193e-18,2.3730001544103482e-15,9.781476681820458e-14,2.0284727474773328e-15,6838268706.480848,1.6283020001337568e-15,1.5232148609456995e+24,1.5776236937863185e-15,4.749492199937403e+34,8.541920438089127e-13,6.651177043355038e+40,2.5567268939016445e-10,1.005390332655807e+45,2.631187821902593e-08
86,1.5503782652260193e-18,2.365573103341901e-15,7.230532925851745e-14,2.0200181092759097e-15,9674400375.05619,1.6212771853226568e-15,3.0688201059717276e+24,1.5471418647043608e-15,1.2546622046223212e+35,6.246410030873291e-13,2.0666745528779206e+41,1.9889933198226401e-10,3.520460128077924e+45,2.151228701081905e-08
87,1.5503782652260193e-18,2.3588600404272635e-15,5.345022508548144e-14,2.0140499840392464e-15,13689500275.35584,1.614885921036795e-15,6.184904535240166e+24,1.5168945917354506e-15,3.315094827887189e+35,4.57492042434531e-13,6.422941782676885e+41,1.5500530698073871e-10,1.2330966921962716e+46,1.7613424658109653e-08
88,1.5503782652260193e-18,2.3522104016217678e-15,3.951226999644544e-14,2.0080614482613283e-15,19374684129.082638,1.6140031735233544e-15,1.2469305195705221e+25,1.4910674710295444e-15,8.760983833049667e+35,3.3588835723124185e-13,1.9965676981202737e+42,1.2116319307549264e-10,4.320418090080117e+46,1.4343674002302804e-08
89,1.5503782652260193e-18,2.3480800827126387e-15,2.920942605168345e-14,1.997800173776965e-15,27426039511.47865,1.6092874258131618e-15,2.514754875632596e+25,1.4697492546895008e-15,2.3157725417914756e+36,2.44980220910671e-13,6.207577078167153e+42,9.45874913493563e-11,1.514200309578268e+47,1.1719718044306829e-08
90,1.5503782652260193e-18,2.3432997195976578e-15,2.159232653520632e-14,1.9889185784105114e-15,38830322945.43533,1.6027490458152913e-15,5.073290912028524e+25,1.448038498263049e-15,6.122423553750248e+36,1.7880961933901644e-13,1.9304035279430444e+43,7.385016330804474e-11,5.308450580356962e+47,9.606494265553844e-09
91,1.5503782652260193e-18,2.336074853035079e-15,1.596282562665029e-14,1.985693202520636e-15,54986544294.295296,1.5959890536281704e-15,1.0238143625510764e+26,1.43581168963288e-15,1.6189509046026315e+37,1.3158229521946982e-13,6.004292953618385e+43,5.794210378419992e-11,1.861560316853075e+48,7.844034686714623e-09
92,1.5503782652260193e-18,2.3302394793839062e-15,1.1801431161510325e-14,1.9797233994239914e-15,77878489504.19229,1.5951054439236577e-15,2.0667442604125388e+26,1.4197598672816832e-15,4.281788835642487e+37,9.684957375287609e-14,1.8679417653834637e+44,4.525550621873656e-11,6.529942203552178e+48,6.410099205052814e-09
93,1.5503782652260193e-18,2.322173958725261e-15,8.726077329787174e-15,1.9769713187245815e-15,110319553929.1277,1.5853091615005626e-15,4.173334025585323e+26,1.4100459155945464e-15,1.1326520833073835e+38,7.090411589135263e-14,5.8123584423062194e+44,3.516397180888489e-11,2.2911972103996018e+49,5.2468937358634385e-09
94,1.5503782652260193e-18,2.3177632623588178e-15,6.451871938996057e-15,1.9688787617796217e-15,156300237909.33096,1.5831280103028255e-15,8.429607094770667e+26,1.3975758734374498e-15,2.996718977598037e+38,5.2152375711907264e-14,1.808959992758599e+45,2.7568045423005112e-11,8.041453389659473e+49,4.28943465493002e-09
95,1.5503782652260193e-18,2.3141298040609676e-15,4.7707374353771855e-15,1.9674949146266e-15,221481413188.11234,1.5838691568134956e-15,1.7031632574394422e+27,1.391353693542675e-15,7.929982714980225e+38,3.826700840661386e-14,5.631096641711365e+45,2.1535216223875947e-11,2.823082807686686e+50,3.5123785954143073e-09
96,1.5503782652260193e-18,2.313144336022591e-15,3.5277140039994415e-15,1.9665139048343567e-15,313894594177.4833,1.5797860613414902e-15,3.442128259605938e+27,1.385266246963105e-15,2.0988130420063007e+39,2.8075616648998065e-14,1.7532521627608446e+46,1.6902163785537926e-11,9.91351667009175e+50,2.8734777629639563e-09
97,1.5503782652260193e-18,2.315616183234865e-15,2.609433441641816e-15,1.9643411071827194e-15,444936203891.277,1.5771588132602751e-15,6.958518454991441e+27,1.3774547624265857e-15,5.555832579715465e+39,2.059456369948396e-14,5.459880229668074e+46,1.3202100412376445e-11,3.48213017671444e+51,2.354606462670505e-09
98,1.5503782652260193e-18,2.3143350767636466e-15,1.9307110660491917e-15,1.9548397669624474e-15,630779426496.9489,1.5757949463223374e-15,1.4070926831985462e+28,1.3768364525590557e-15,1.4709470925041545e+40,1.523952166444973e-14,1.7006272478097578e+47,1.0385269493945882e-11,1.2234141573538286e+52,1.929740115971262e-09
99,1.5503782652260193e-18,2.311918717608255e-15,1.4293065160574321e-15,1.9417125132707136e-15,894379259671.826,1.5728915053570455e-15,2.846047290702098e+28,1.3694080504159301e-15,3.895077612120804e+40,1.1395969431105594e-14,5.298127394889601e+47,8.174922381225317e-12,4.299434693514155e+52,1.5820829769023937e-09
100,1.5503782652260193e-18,2.306036099459926e-15,1.0585855670737734e-15,1.9363148841979545e-15,1268320323026.9985,1.5708465185429137e-15,5.758009550954333e+28,1.3624709506801902e-15,1.0315850213852263e+41,8.504752887485262e-15,1.6509080136353024e+48,6.410564139246122e-12,1.5113209574915021e+53,1.2952278499726414e-09
101,1.5503782652260193e-18,2.3010223937814983e-15,7.835431740246343e-16,1.935663512728258e-15,1798862091774.9495,1.5684708829941277e-15,1.1652281303751306e+29,1.3557762799867669e-15,2.7325146884418877e+41,6.415417576992503e-15,5.145298140048072e+48,5.0342317587736e-12,5.313830581708637e+53,1.0611649473663107e-09
102,1.5503782652260193e-18,2.299525048149666e-15,5.805229207580296e-16,1.9299943451162687e-15,2551685660989.413,1.5648476335340109e-15,2.358605861761127e+29,1.3498448290761433e-15,7.239145341219879e+41,4.898031480718833e-15,1.603929904616357e+49,3.933879506399798e-12,1.868798737665243e+54,8.709919960498435e-10
103,1.5503782652260193e-18,2.2908296052409073e-15,4.3072530941385293e-16,1.9210775739259364e-15,3620058614880.61,1.5555925775349379e-15,4.775328065342189e+29,1.3467821997339022e-15,1.9181306172896392e+42,3.8236821198413895e-15,5.000890920177735e+49,3.1008354306880838e-12,6.573843916245177e+54,7.13710885921517e-10
104,1.5503782652260193e-18,2.2812860308778992e-15,3.2012659194938644e-16,1.919770549675388e-15,5136436692700.418,1.553398551597621e-15,9.670571528573408e+29,1.337771601677123e-15,5.083162059494928e+42,3.0468940422284017e-15,1.5595400297602282e+50,2.42625700168211e-12,2.313004582724719e+55,5.830763796933155e-10
105,1.5503782652260193e-18,2.2798361631376732e-15,2.386977167795434e-16,1.9187296141890743e-15,7288950572461.893,1.5495313814693188e-15,1.9588441739665955e+30,1.3318627442825588e-15,1.347266359296098e+43,2.5180605897004427e-15,4.864439583211891e+50,1.9058593046178316e-12,8.14014402736168e+55,4.770017490851262e-10
106,1.5503782652260193e-18,2.276392270390141e-15,1.7877972329093304e-16,1.9147430850477926e-15,10344837107842.398,1.5456420814673476e-15,3.9686632714549183e+30,1.3308902164905659e-15,3.5713759495341604e+43,2.1335665864641403e-15,1.517596239408674e+51,1.4872791053469136e-12,2.865394617243072e+56,3.8970980707600476e-10
107,1.5503782652260193e-18,2.2686483152970797e-15,1.3443014819532177e-16,1.906614811181541e-15,14683743406448.855,1.543134011681087e-15,8.04235222273764e+30,1.3291136260928666e-15,9.46845583002545e+43,1.881049377145667e-15,4.735510583027255e+51,1.169293287827216e-12,1.00886216524125e+57,3.188066164064664e-10
108,1.5503782652260193e-18,2.2646504424046273e-15,1.0067927700291779e-16,1.9034467204740916e-15,20845068307592.1,1.5417941303365046e-15,1.6301002879377744e+31,1.3208600517915961e-15,2.5106324978730066e+44,1.7039404615637625e-15,1.4779662838148684e+52,9.151121284757485e-13,3.552814911140211e+57,2.613238531022358e-10
109,1.5503782652260193e-18,2.260483619375055e-15,7.511198848453116e-17,1.8994500310846334e-15,29595264335394.45,1.5404139324752276e-15,3.304729661044523e+31,1.3204434943772663e-15,6.658041197279444e+44,1.5779186518578134e-15,4.613700438517447e+52,7.203099351101202e-13,1.2514255481668678e+58,2.1404034720207228e-10
110,1.5503782652260193e-18,2.2553529935731176e-15,5.795089556738198e-17,1.895387528638875e-15,42023524995243.05,1.5393330445877142e-15,6.701098069156953e+31,1.3149140412580122e-15,1.7659081949188548e+45,1.4861429794071826e-15,1.440527045671863e+53,5.667061045201458e-13,4.408872037399588e+58,1.7607195173767756e-10
111,1.5503782652260193e-18,2.2546422998878885e-15,4.476047252595058e-17,1.892597054991016e-15,59677841798702.09,1.5387340077158597e-15,1.3590721994265506e+32,1.3133585211245896e-15,4.684325564029036e+45,1.4312519551825357e-15,4.4986334150024515e+53,4.442779027260518e-13,1.5535970734975545e+59,1.4491392739727008e-10
112,1.5503782652260193e-18,2.2536780156177518e-15,3.539714905518922e-17,1.890758251481313e-15,84758480241961.62,1.5359208426894565e-15,2.7569174191224802e+32,1.3034833663491908e-15,1.2427459137949194e+46,1.3798954795707956e-15,1.4051638395021034e+54,3.470367645857977e-13,5.475655566108653e+59,1.1823219938989603e-10
113,1.5503782652260193e-18,2.2524952913012326e-15,2.8566022528323554e-17,1.8870463666377755e-15,120393131296136.45,1.5311182380106514e-15,5.593554412769157e+32,1.3050699695731422e-15,3.2974102350931804e+46,1.3447371460433034e-15,4.3899594067491533e+54,2.71501177061433e-13,1.9302746369939665e+60,9.687142760613117e-11
114,1.5503782652260193e-18,2.247163442236718e-15,2.3462974077623395e-17,1.8836111665928072e-15,171028251892336.84,1.5258572895958865e-15,1.1350973706750383e+33,1.3038672301728695e-15,8.750201415870801e+46,1.314511644791399e-15,1.3717697715527107e+55,2.1224969160479458e-13,6.805903590695615e+60,7.954855375809432e-11
115,1.5503782652260193e-18,2.244324599560247e-15,1.9386050342464214e-17,1.8793808678093585e-15,242985705868043.53,1.5226572395657994e-15,2.3038692015375656e+33,1.2980380423289117e-15,2.3222909872956822e+47,1.2912336486951061e-15,4.2873520015685314e+55,1.6578968387816625e-13,2.4001294340900705e+61,6.515270266440416e-11
116,1.5503782652260193e-18,2.2383310627830425e-15,1.6325188006216014e-17,1.877548882304239e-15,345254594719794.25,1.5178927691292427e-15,4.676924189260297e+33,1.2986530698937025e-15,6.164074121440807e+47,1.2668722967662252e-15,1.3402451544941542e+56,1.2954442817838963e-13,8.465726117296529e+61,5.3503478711349336e-11
117,1.5503782652260193e-18,2.238157571160227e-15,1.3858056729755672e-17,1.8732043579912128e-15,490617743656903.75,1.518939530616962e-15,9.495963953637754e+33,1.2968014703120318e-15,1.636329759932152e+48,1.2532039601526921e-15,4.190506710401928e+56,1.0234420238856132e-13,2.9865718643102365e+62,4.3722349027832344e-11
118,1.5503782652260193e-18,2.2345124073244316e-15,1.2784760028183544e-17,1.8694371602683452e-15,697254411511522.2,1.5166856010537864e-15,1.9283792619568056e+34,1.2941086709958571e-15,4.3443491315028044e+48,1.2362452356448835e-15,1.3104969718006174e+57,8.115069319198182e-14,1.0538031101358612e+63,3.586147906330366e-11
119,1.5503782652260193e-18,2.234382477169295e-15,1.1363539578008204e-17,1.8690183785532406e-15,991020733068316.6,1.5121865603409655e-15,3.91668830664761e+34,1.2944029821032893e-15,1.1535294826665514e+49,1.2259429853087328e-15,4.099139346541233e+57,6.377382989611455e-14,3.718966829114544e+63,2.9396133518846784e-11
120,1.5503782652260193e-18,2.2316774765100916e-15,1.0147056868761285e-17,1.86530409685377e-15,1408694741963728.2,1.5112049539563067e-15,7.956412177388437e+34,1.2920840499717441e-15,3.063246602927193e+49,1.2118413289805848e-15,1.2824383872073954e+58,4.981078255621193e-14,1.3126835723383733e+64,2.4170813262301586e-11
121,1.5503782652260193e-18,2.229552517879085e-15,9.851117057995548e-18,1.8647778652380122e-15,2002594332971034.5,1.5075959498567401e-15,1.6165376303258319e+35,1.2933048885612935e-15,8.135490053389974e+49,1.2105455625014286e-15,4.012984540671418e+58,3.9262302766836127e-14,4.6341632713632315e+64,1.981501119051043e-11
122,1.5503782652260193e-18,2.228306681437261e-15,9.587070173160567e-18,1.8578172995148107e-15,2847149547116126.0,1.5087775954544607e-15,3.2849084295752944e+35,1.292688380174547e-15,2.160892716412692e+50,1.1935815702289015e-15,1.2559882951016327e+59,3.10083422610677e-14,1.6362693227040176e+65,1.626595858987614e-11
123,1.5503782652260193e-18,2.22813108386005e-15,9.089150758253223e-18,1.849802825757308e-15,4048256957360568.5,1.5077232852516933e-15,6.676183714743965e+35,1.2896443839970119e-15,5.740235020365605e+50,1.183025909257628e-15,3.9317943793009894e+59,2.4383446923814894e-14,5.778419765342066e+65,1.3365717207702834e-11
124,1.5503782652260193e-18,2.226064527071823e-15,9.177436149147222e-18,1.8484288957007437e-15,5756594831559811.0,1.508127182824189e-15,1.3570615611278997e+36,1.2864117545215642e-15,1.525008952504725e+51,1.178984361368265e-15,1.2310709081142091e+60,1.905937177568421e-14,2.0409525913623688e+66,1.0987948397844156e-11
125,1.5503782652260193e-18,2.2198454476199905e-15,9.064183546742669e-18,1.845888551984064e-15,8186577509800044.0,1.504559244664506e-15,2.7588990553769605e+36,1.2818189174332288e-15,4.051918031119199e+51,1.1695535512574748e-15,3.855337155375543e+60,1.49781295254197e-14,7.20982938472894e+66,9.00985354361512e-12
126,1.5503782652260193e-18,2.2155887901457685e-15,9.15371103533352e-18,1.8463565266872403e-15,1.1643339251972358e+16,1.5012219003017444e-15,5.60965083285531e+36,1.285269008022559e-15,1.0766976191979784e+52,1.1639361018890734e-15,1.2076153785481804e+61,1.1910859576165858e-14,2.547323100502283e+67,7.414851147026942e-12
127,1.5503782652260193e-18,2.211882229094131e-15,9.03957270293852e-18,1.843648454123915e-15,1.65611517331763e+16,1.5014389145211137e-15,1.1407708314387025e+37,1.2804385440357783e-15,2.861350236089676e+52,1.1604372885071317e-15,3.783396220969233e+61,9.375328210408498e-15,9.001374128418474e+67,6.090637782654485e-12
128,1.5503782652260193e-18,2.2101929523333934e-15,9.184517239771924e-18,1.84107345652933e-15,2.3558123694529684e+16,1.4963025497409975e-15,2.3201837369511334e+37,1.2793374273186544e-15,7.604869926886938e+52,1.1561920126013195e-15,1.1855554506081e+62,7.463337143017118e-15,3.181252223670371e+68,4.97924779732097e-12
129,1.5503782652260193e-18,2.2076770960283643e-15,9.035602437548251e-18,1.8337255760718043e-15,3.351408882873736e+16,1.4946193827935798e-15,4.719615350907655e+37,1.2763843333653747e-15,2.0214146950848032e+53,1.1523399178428807e-15,3.715768932932784e+62,6.0106725412508e-15,1.1244773358711255e+69,4.0795285592893785e-12
130,1.5503782652260193e-18,2.1987939765991915e-15,9.182292144527941e-18,1.8336441844813523e-15,4.768151934356997e+16,1.4939757412525339e-15,9.601740909439038e+37,1.2703958632457454e-15,5.373549750823399e+53,1.1485563766759294e-15,1.164829140688984e+63,4.878999994921254e-15,3.9752591514868775e+69,3.3368229603306373e-12
131,1.5503782652260193e-18,2.194269613449969e-15,9.03957270293852e-18,1.827620783392007e-15,6.78434791244326e+16,1.4944743318573689e-15,1.9536710266005533e+38,1.2647241476084118e-15,1.4285937366851776e+54,1.1430990579857669e-15,3.6522656832581984e+63,4.03182150186047e-15,1.4055333885276248e+70,2.736690329459446e-12
132,1.5503782652260193e-18,2.19199625704322e-15,9.184517239771924e-18,1.8257366008436806e-15,9.653858122658098e+16,1.490911520920428e-15,3.975666221649545e+38,1.2611866542087273e-15,3.798369594484875e+54,1.1418020896319733e-15,1.145378443247605e+64,3.3476452361078088e-15,4.970232846276456e+70,2.25530802134963e-12
133,1.5503782652260193e-18,2.1873301461718564e-15,9.035602437548251e-18,1.82591179410627e-15,1.3738139386109774e+17,1.4911928698338412e-15,8.091413622844986e+38,1.2623493735227623e-15,1.0100110497397527e+55,1.1343288468479815e-15,3.5927090067106226e+64,2.8176880718026207e-15,1.7578063892854738e+71,1.854630230121856e-12
134,1.5503782652260193e-18,2.184708517658675e-15,9.182292144527941e-18,1.825355837143984e-15,1.955188222459708e+17,1.4884387367951502e-15,1.6470011428872142e+39,1.2594671304293883e-15,2.685931188591493e+55,1.127762858879113e-15,1.1271490600155257e+65,2.4270019314849477e-15,6.217602966073263e+71,1.5225044551515041e-12
135,1.5503782652260193e-18,2.1796976073712563e-15,9.03957270293852e-18,1.823501168122275e-15,2.782802132439779e+17,1.488197364265479e-15,3.352875607748837e+39,1.2604381488540192e-15,7.143366509320828e+55,1.124527570502571e-15,3.5369327589871347e+65,2.1215929527380065e-15,2.1995381874046166e+72,1.2489941693687431e-12
136,1.5503782652260193e-18,2.1820214017474697e-15,9.184517239771924e-18,1.8186660896581968e-15,3.961034703113998e+17,1.4857384534862355e-15,6.826436895692128e+39,1.2619260537925485e-15,1.8999830772280423e+56,1.125232458700043e-15,1.1100901505258763e+66,1.897464628277589e-15,7.78207745716587e+72,1.0285806887062552e-12
137,1.5503782652260193e-18,2.1778404510106533e-15,9.035602437548251e-18,1.8168112611694924e-15,5.638544424385741e+17,1.4862201796514092e-15,1.390025908515203e+40,1.2555847905989786e-15,5.053994299632538e+56,1.119874001675265e-15,3.484781359299392e+66,1.727767308016751e-15,2.7536838903735296e+73,8.468865297556534e-13
138,1.5503782652260193e-18,2.1755171645826322e-15,9.182292144527941e-18,1.8132677201842617e-15,8.027067027030173e+17,1.4840906833340637e-15,2.83075959726742e+40,1.2547060442169524e-15,1.344489632732731e+57,1.1193765091549175e-15,1.0941541021168485e+67,1.5908590610761902e-15,9.745095510284225e+73,6.987579691715541e-13
139,1.5503782652260193e-18,2.173531511285117e-15,9.03957270293852e-18,1.813598416165958e-15,1.1428198903499724e+18,1.4827928619931583e-15,5.765453627315186e+40,1.2510381466526749e-15,3.576986940175179e+57,1.1180539926440588e-15,3.4361090918497765e+67,1.4958731649843054e-15,3.449138280462703e+74,5.74610813962983e-13
140,1.5503782652260193e-18,2.1737134942235863e-15,9.184517239771924e-18,1.812420490867768e-15,1.6271560810889871e+18,1.4820312256007274e-15,1.1743931914099243e+41,1.2477425066892044e-15,9.517303995116947e+57,1.1128099148222604e-15,1.0792963177467168e+68,1.4085824400857329e-15,1.220918376558675e+75,4.72148328678173e-13
141,1.5503782652260193e-18,2.1675594486425504e-15,9.035602437548251e-18,1.8104618964171416e-15,2.3169180435980964e+18,1.4805305350685736e-15,2.392446736167329e+41,1.2469315859499645e-15,2.5324841358807644e+58,1.1104451752908132e-15,3.3907794611861066e+68,1.346276778721668e-15,4.3222832112291835e+75,3.8815721944660795e-13
142,1.5503782652260193e-18,2.168393552863625e-15,9.182292144527941e-18,1.8121635183680207e-15,3.2992990878830597e+18,1.4821831766741433e-15,4.874374883214144e+41,1.246526397038407e-15,6.739307250559461e+58,1.1051868788248007e-15,1.0654750201097727e+69,1.2998401957028482e-15,1.5303453209068456e+76,3.192354503938725e-13
143,1.5503782652260193e-18,2.1704089657235056e-15,9.03957270293852e-18,1.8116072056661417e-15,4.698527682806812e+18,1.4800514816912529e-15,9.932136453479973e+41,1.2456246866952302e-15,1.7935729596228937e+59,1.1068409651339542e-15,3.3486645968839056e+69,1.265066317920607e-15,5.418940398564768e+76,2.6215912724559277e-13
144,1.5503782652260193e-18,2.1666039632689984e-15,9.184517239771924e-18,1.8090871762039233e-15,6.69160843533589e+18,1.4786284187546882e-15,2.0240104523091452e+42,1.244362800102973e-15,4.773727826662865e+59,1.1035879753462009e-15,1.0526510706818777e+70,1.2395179713636463e-15,1.9190536879195977e+77,2.1552727362949045e-13
145,1.5503782652260193e-18,2.164029616023019e-15,9.035602437548251e-18,1.810483138564267e-15,9.530757605191852e+18,1.4787992997461197e-15,4.125042124613882e+42,1.2368232545211601e-15,1.27066372952787e+60,1.0993470105423373e-15,3.309644703423453e+70,1.2172901017205262e-15,6.796836311460733e+77,1.765020830976341e-13
146,1.5503782652260193e-18,2.1606376830129252e-15,9.182292144527941e-18,1.8095239058469853e-15,1.3575381980672616e+19,1.4795554663150942e-15,8.407925326347643e+42,1.232069658699822e-15,3.3824980348075425e+60,1.0917097120361107e-15,1.0407878024498731e+71,1.196412628757539e-15,2.407534778093296e+78,1.450935133109192e-13
147,1.5503782652260193e-18,2.1596288905112364e-15,9.03957270293852e-18,1.806545949661729e-15,1.9337662923843424e+19,1.4766727691904558e-15,1.7139312574788662e+43,1.2328086919808463e-15,9.004881249776845e+60,1.0883330266052607e-15,3.27360755150588e+71,1.1828762403794043e-15,8.528714064613428e+78,1.19107900707138e-13
148,1.5503782652260193e-18,2.157953515231154e-15,9.184517239771924e-18,1.8086275387517034e-15,2.7547537117444518e+19,1.4718829030360223e-15,3.494148336154214e+43,1.2351861205162292e-15,2.3974608893820252e+61,1.084290103012307e-15,1.0298508651923621e+72,1.1628375110118861e-15,3.02161366957204e+79,9.799756209775208e-14
149,1.5503782652260193e-18,2.1566456704899335e-15,9.035602437548251e-18,1.8055022856980735e-15,3.924533225915238e+19,1.4699871300604127e-15,7.124132171417113e+43,1.2332548289035366e-15,6.383483966092894e+61,1.0865710719907016e-15,3.2404480073928254e+72,1.1502485768778055e-15,1.0706262887949597e+80,8.028450535859061e-14
150,1.5503782652260193e-18,2.1530738287727433e-15,9.182292144527941e-18,1.8018424049736103e-15,5.591383381804895e+19,1.4675172056155114e-15,1.4526621152615902e+44,1.2313351815437551e-15,1.6997940974942279e+62,1.0887330914485643e-15,1.0198080822816265e+73,1.1414463267882383e-15,3.793845646618798e+80,6.618826049049649e-14
151,1.5503782652260193e-18,2.1502122667351196e-15,9.03957270293852e-18,1.8022630473613085e-15,7.966657614724525e+19,1.4711755104546586e-15,2.9623652210137046e+44,1.2338958471203326e-15,4.52654434240975e+62,1.088496487845555e-15,3.2100675971615854e+73,1.1319395999659538e-15,1.3445080884935253e+81,5.4127033154298116e-14
152,1.5503782652260193e-18,2.1499477895346306e-15,9.184517239771924e-18,1.7999625242381644e-15,1.1351630704550622e+20,1.4697860958615585e-15,6.041618347334644e+44,1.232693870419052e-15,1.20550434552446e+63,1.0862358815816231e-15,1.010629318068828e+74,1.1267281484351753e-15,4.765279989770958e+81,4.4490195075051234e-14
153,1.5503782652260193e-18,2.1507393622540833e-15,9.035602437548251e-18,1.7996824366241664e-15,1.6175778131691445e+20,1.47069255704958e-15,1.2322761243707408e+45,1.2342424828586361e-15,3.2107164255485243e+63,1.0853118074337715e-15,3.1823741030453057e+74,1.118575540008437e-15,1.6890943909827506e+82,3.657749865961933e-14
154,1.5503782652260193e-18,2.149452739964697e-15,9.182292144527941e-18,1.7992949238626515e-15,2.305135971509929e+20,1.4662377581837942e-15,2.5136350128498306e+45,1.2302623771999729e-15,8.551965210146196e+63,1.081055172349331e-15,1.00228635499815e+75,1.119691127464942e-15,5.987688161578205e+82,2.99154971045887e-14
155,1.5503782652260193e-18,2.1496198613658476e-15,9.03957270293852e-18,1.7995947866189323e-15,3.285125556088871e+20,1.465463616692457e-15,5.1278489692877534e+45,1.2275590012144914e-15,2.278034790413985e+64,1.0826426456935303e-15,3.157281189279052e+75,1.1112322864045772e-15,2.1227725682909433e+83,2.4629141779813606e-14
156,1.5503782652260193e-18,2.150035517840299e-15,9.184517239771924e-18,1.796837069028006e-15,4.681996467511428e+20,1.4657514111635134e-15,1.0461801131571467e+46,1.2303003141468243e-15,6.068549284248314e+64,1.0794457909323624e-15,9.947527796710906e+75,1.1094149710324865e-15,7.526379139901105e+83,2.0384060106313237e-14
157,1.5503782652260193e-18,2.1501987662245464e-15,9.035602437548251e-18,1.7950254819776048e-15,6.673190250289909e+20,1.4634778195599005e-15,2.1345942487084253e+46,1.2282225966218187e-15,1.6167362580218907e+65,1.0796161034145297e-15,3.1347080550997536e+76,1.104963044719357e-15,2.6687405762093497e+84,1.6771184261858353e-14
158,1.5503782652260193e-18,2.1495096573985625e-15,9.182292144527941e-18,1.7952023379369757e-15,9.511716236725885e+20,1.4631427267341189e-15,4.355733241755863e+46,1.2297567727251727e-15,4.30747637454831e+65,1.0785310066010116e-15,9.880038771505095e+76,1.1020224357632745e-15,9.463757205144545e+84,1.3824983346846444e-14
159,1.5503782652260193e-18,2.146900710138166e-15,9.03957270293852e-18,1.7943564789143602e-15,1.3558350671395857e+21,1.4627079361173787e-15,8.88881187328934e+46,1.2264465240869474e-15,1.147719432649607e+66,1.0740485682314498e-15,3.114579112754003e+77,1.0994177110106155e-15,3.3562717817221504e+85,1.1474989046039391e-14
160,1.5503782652260193e-18,2.1481778285244745e-15,9.184517239771924e-18,1.7926115901796377e-15,1.932756251579233e+21,1.459134424836163e-15,1.8141036741408519e+47,1.225847151835074e-15,3.0582807514559566e+66,1.0754807227599497e-15,9.820165328559934e+77,1.0987179461074408e-15,1.1903818700297629e+86,9.517532217221818e-15
161,1.5503782652260193e-18,2.149195710477985e-15,9.035602437548251e-18,1.789624407752669e-15,2.7553020434020025e+21,1.45565155447331e-15,3.702677582049882e+47,1.219877912005926e-15,8.149809179262866e+66,1.0744011040107208e-15,3.0968236885541003e+78,1.0903975683700788e-15,4.2223137294672145e+86,7.908822693130596e-15
162,1.5503782652260193e-18,2.1458248564052758e-15,9.182292144527941e-18,1.7903562880389636e-15,3.928103354191399e+21,1.4579292100764183e-15,7.557959559129674e+47,1.2183105435200462e-15,2.17192935469918e+67,1.0702209992545303e-15,9.767691414582626e+78,1.0891587512661996e-15,1.4977836461578434e+87,6.623335956954853e-15
163,1.5503782652260193e-18,2.1448473782542124e-15,9.03957270293852e-18,1.78764232826944e-15,5.600384294800395e+21,1.4574821233452575e-15,1.5428637743201754e+48,1.2148311938012458e-15,5.788577008340203e+67,1.0730184144249377e-15,3.0813757451919163e+79,1.0836900039737962e-15,5.313509323147403e+87,5.56288103254648e-15
164,1.5503782652260193e-18,2.14344282119414e-15,9.184517239771924e-18,1.7837274091796008e-15,7.984976730946098e+21,1.4579900354363626e-15,3.149810593102064e+48,1.2152003352645944e-15,1.5428564001465652e+68,1.0676490855292216e-15,9.722415222312905e+79,1.0841894657710877e-15,1.8851546687894395e+88,4.720663815751209e-15
165,1.5503782652260193e-18,2.139730093117185e-15,9.035602437548251e-18,1.7841114429480602e-15,1.1385446349590894e+22,1.4556071174270277e-15,6.430942580779136e+48,1.2150242869551837e-15,4.1125053848823424e+68,1.0665478143880508e-15,3.068173623673616e+80,1.0784496332727731e-15,6.688752409277791e+88,4.028554324767336e-15
166,1.5503782652260193e-18,2.1381415111215742e-15,9.182292144527941e-18,1.7821608567562367e-15,1.6234792060668755e+22,1.455995471614091e-15,1.313099591883762e+49,1.2109175501660679e-15,1.0962622309592604e+69,1.0660936248434776e-15,9.68414840367036e+80,1.0743942086391476e-15,2.3734236686093178e+89,3.469905637954042e-15
167,1.5503782652260193e-18,2.1358804621174875e-15,9.03957270293852e-18,1.781053494204706e-15,2.315065859938786e+22,1.4566081047790317e-15,2.681347225437272e+49,1.2122842021832622e-15,2.9224638335274522e+69,1.061403711422994e-15,3.0571598033776073e+81,1.0727038370939957e-15,8.4224195260695e+89,3.005582058790875e-15
168,1.5503782652260193e-18,2.13155372673523e-15,9.184517239771924e-18,1.781133059054808e-15,3.3014111536162e+22,1.455085174592585e-15,5.475708600451584e+49,1.2112602060760917e-15,7.791306474439875e+69,1.0611106342896074e-15,9.652715337997e+81,1.0713117993311524e-15,2.989023789411133e+90,2.6309769722825802e-15
169,1.5503782652260193e-18,2.1316440847186805e-15,9.035602437548251e-18,1.7757417383077344e-15,4.708203428521259e+22,1.4551518483201933e-15,1.118301767606962e+50,1.21103714298541e-15,2.077292304480207e+70,1.061531221273535e-15,3.0482806788646896e+82,1.0706462859215379e-15,1.060845729217412e+91,2.3501251633143102e-15
170,1.5503782652260193e-18,2.1315295209123534e-15,9.182292144527941e-18,1.7772261108391814e-15,6.714750316479277e+22,1.457121104844735e-15,2.284065986336843e+50,1.2098214357868128e-15,5.53873843663012e+70,1.0603638943571916e-15,9.627952451245747e+82,1.0613877713473116e-15,3.765346280027876e+91,2.1026262159653424e-15
171,1.5503782652260193e-18,2.1332037974211144e-15,9.03957270293852e-18,1.7783236626883155e-15,9.576862872882462e+22,1.4566108260028146e-15,4.665398889780592e+50,1.2066510152238515e-15,1.476895485670971e+71,1.0611622266897121e-15,3.041486352184462e+83,1.0625986040638761e-15,1.3365552678462775e+92,1.9093967097210265e-15
172,1.5503782652260193e-18,2.130562733520071e-15,9.184517239771924e-18,1.7789737462152453e-15,1.3659510406065594e+23,1.4550252111861934e-15,9.53013324573176e+50,1.2056002857113806e-15,3.9383479199629566e+71,1.0569491889456185e-15,9.609707582312633e+83,1.0590729307735193e-15,4.744579439220021e+92,1.7518611869856205e-15
173,1.5503782652260193e-18,2.1308144977581906e-15,9.035602437548251e-18,1.7768738112536295e-15,1.948341935517229e+23,1.451848572488464e-15,1.9468782040060387e+51,1.2052026645360806e-15,1.0502762837203399e+72,1.05727921397613e-15,3.036730439526729e+84,1.0559918083654032e-15,1.684367391838405e+93,1.6276062361423798e-15
174,1.5503782652260193e-18,2.1305406768492363e-15,9.182292144527941e-18,1.7724529932059906e-15,2.7791572786790184e+23,1.4488690288014738e-15,3.977477972675986e+51,1.2065523716605654e-15,2.8010312673738725e+72,1.0570783113215622e-15,9.597839393026363e+84,1.0538948606185555e-15,5.980035215120288e+93,1.5320394161227142e-15
175,1.5503782652260193e-18,2.1302397088135845e-15,9.03957270293852e-18,1.7718235852140093e-15,3.9644112510219976e+23,1.448107251646762e-15,8.126537635396672e+51,1.2099584387973265e-15,7.4706266858312e+72,1.0554194600924754e-15,3.033969891161976e+85,1.0478320118503117e-15,2.123234647560021e+94,1.4553109343141058e-15
176,1.5503782652260193e-18,2.1245616550804863e-15,9.184517239771924e-18,1.771677275440931e-15,5.655377935716372e+23,1.4459951157510245e-15,1.6604724382303325e+52,1.207776763927875e-15,1.9926019835831464e+73,1.057003444129397e-15,9.592216818596547e+85,1.0506130258735463e-15,7.539093148880754e+94,1.3926621062890171e-15
177,1.5503782652260193e-18,2.1253228644324156e-15,9.035602437548251e-18,1.771014256746192e-15,8.067921413214342e+23,1.4462681947442017e-15,3.3930146561113215e+52,1.2067874721762052e-15,5.3150615319791734e+73,1.0562076899640006e-15,3.033164823701778e+86,1.0419192090316613e-15,2.6771125620805937e+95,1.3437677013511199e-15
178,1.5503782652260193e-18,2.1242074127060717e-15,9.182292144527941e-18,1.7702652882341543e-15,1.1510084644508569e+24,1.444700070685378e-15,6.933736642745302e+52,1.2060348990464418e-15,1.4178164911591217e+74,1.0527324868143633e-15,9.592718555583804e+86,1.0437032489575704e-15,9.506925927978513e+95,1.3002927345289327e-15
179,1.5503782652260193e-18,2.1212746818949246e-15,9.03957270293852e-18,1.7670725960216548e-15,1.6421466961002893e+24,1.4430036865287492e-15,1.4170203786329835e+53,1.2052769157459614e-15,3.782296024251385e+74,1.0505119929277403e-15,3.034278363789097e+87,1.0469675813326945e-15,3.3762850249292623e+96,1.2653966966689035e-15
180,1.5503782652260193e-18,2.1216572178740356e-15,9.184517239771924e-18,1.7669714360753181e-15,2.3429429135918085e+24,1.4435666358350374e-15,2.896087025439958e+53,1.2053942462261538e-15,1.0090543435274685e+75,1.0515957879187898e-15,9.599232584694072e+87,1.0449844406223802e-15,1.199121462827737e+97,1.2394999694339703e-15
181,1.5503782652260193e-18,2.1207140596291854e-15,9.035602437548251e-18,1.7668032456833589e-15,3.3429319607000847e+24,1.4442806749174423e-15,5.919342853181375e+53,1.2031399486943307e-15,2.6921355835611453e+75,1.049923208871906e-15,3.0372765024006054e+88,1.0432125566668603e-15,4.259041854095662e+97,1.214662675712149e-15
182,1.5503782652260193e-18,2.118883115357501e-15,9.182292144527941e-18,1.7647623966957794e-15,4.7698991579147904e+24,1.4424218464837887e-15,1.2099331662415794e+54,1.2015933882915066e-15,7.182943023261973e+75,1.0464889406503065e-15,9.611655725917078e+88,1.0420632027672535e-15,1.512811724816364e+98,1.1913594493831196e-15
183,1.5503782652260193e-18,2.1192617927878614e-15,9.03957270293852e-18,1.7645977605516439e-15,6.80622727477309e+24,1.4412016258495988e-15,2.4732891703481814e+54,1.2030274222003642e-15,1.9165971046738098e+76,1.044369985266814e-15,3.04212795900904e+89,1.0399694880164825e-15,5.373802373059942e+98,1.1708654171854004e-15
184,1.5503782652260193e-18,2.1178736459508767e-15,9.184517239771924e-18,1.7636012431758785e-15,9.712232028202059e+24,1.4398668849400176e-15,5.0560769295101805e+54,1.2030484650967488e-15,5.114249868574565e+76,1.0427948415513737e-15,9.629893223728316e+89,1.0362909393278905e-15,1.9089824508606745e+99,1.158119697957912e-15
185,1.5503782652260193e-18,2.116777152401346e-15,9.035602437548251e-18,1.7617299082019915e-15,1.3859474750670546e+25,1.4371392425874804e-15,1.033659152295823e+55,1.1996609865851758e-15,1.364757737748209e+77,1.0432049245413809e-15,3.0488040549136385e+90,1.0334786197421362e-15,6.781803878534771e+99,1.1447102486795105e-15
186,1.5503782652260193e-18,2.118908114584552e-15,9.182292144527941e-18,1.7587955424263582e-15,1.977831935800713e+25,1.4368885978661912e-15,2.1133215685462628e+55,1.1980184395242583e-15,3.6420969132760035e+77,1.0423750464458336e-15,9.653858360255142e+90,1.030030785845033e-15,2.4094126086574176e+100,1.1311824495958892e-15
187,1.5503782652260193e-18,2.1165592614211467e-15,9.03957270293852e-18,1.7574782963494436e-15,2.8225826304765483e+25,1.4370236881003675e-15,4.320937835353878e+55,1.1963174228741419e-15,9.720073427864366e+77,1.0411242588463111e-15,3.057278595101722e+91,1.0334183843545286e-15,8.560505634002793e+100,1.1174796215657882e-15
188,1.5503782652260193e-18,2.1162513282833387e-15,9.184517239771924e-18,1.7563820667888277e-15,4.028268300532308e+25,1.4382512726976022e-15,8.835157779224561e+55,1.1947641557461149e-15,2.594236213205392e+78,1.0456956117628886e-15,9.683472094474106e+91,1.0294540330002177e-15,3.041652350946678e+101,1.1101702637961582e-15
189,1.5503782652260193e-18,2.1148674213164815e-15,9.035602437548251e-18,1.7569390485900554e-15,5.749159263461388e+25,1.4355473568249393e-15,1.8066504006188709e+56,1.1930815329631538e-15,6.924225841284358e+78,1.0462773280754283e-15,3.067527758054704e+92,1.0273305798016087e-15,1.0807899278255593e+102,1.1046924615628835e-15
190,1.5503782652260193e-18,2.1136451447025916e-15,9.182292144527941e-18,1.7578474332205947e-15,8.205485890222001e+25,1.431921728656909e-15,3.6945123426356902e+56,1.1924219214015571e-15,1.848223471416846e+79,1.0424954577105325e-15,9.718662725658254e+92,1.0316297015109994e-15,3.840556926224171e+102,1.0929873329956728e-15
191,1.5503782652260193e-18,2.112425003054426e-15,9.03957270293852e-18,1.757776223930985e-15,1.1711649542463328e+26,1.4323850944817847e-15,7.555496036656292e+56,1.1908598384484136e-15,4.933545128292281e+79,1.0446494456736413e-15,3.079529992957724e+93,1.0355163308519124e-15,1.3647967569303786e+103,1.0882117118101063e-15
192,1.5503782652260193e-18,2.108823725332921e-15,9.184517239771924e-18,1.7567149210318224e-15,1.671650289105866e+26,1.4313203545104419e-15,1.5452237682879927e+57,1.1939214809517838e-15,1.3169973959386582e+80,1.0435484550420201e-15,9.759365579432346e+93,1.0327274427221113e-15,4.8502293360975546e+103,1.0846888376835662e-15
193,1.5503782652260193e-18,2.105035035942636e-15,9.035602437548251e-18,1.7572190192161953e-15,2.3860864694885415e+26,1.4306341774180344e-15,3.1603995890222766e+57,1.1935936362708508e-15,3.515861327744932e+80,1.0413970632280305e-15,3.0932659238141987e+94,1.0300956991071849e-15,1.7237598082221022e+104,1.0779806040501049e-15
194,1.5503782652260193e-18,2.1049017983963164e-15,9.182292144527941e-18,1.7599446385066464e-15,3.4059645111130595e+26,1.4307980966480447e-15,6.464196048849682e+57,1.1907198639648995e-15,9.38640726695717e+80,1.0408403335119797e-15,9.80552271492124e+94,1.0297655620030582e-15,6.126480901989422e+104,1.0640607254753248e-15
195,1.5503782652260193e-18,2.104561595241809e-15,9.03957270293852e-18,1.7584524551278554e-15,4.861911529564523e+26,1.4310233649914997e-15,1.3222349708785393e+58,1.1904709880716179e-15,2.5060383570264743e+81,1.0401695058869339e-15,3.1087182600051274e+95,1.0317552919606233e-15,2.1775340510795032e+105,1.0606792610449767e-15
196,1.5503782652260193e-18,2.1053237190979567e-15,9.184517239771924e-18,1.7568243451337729e-15,6.940436488646307e+26,1.430522998711245e-15,2.704730834588337e+58,1.190630834538394e-15,6.691084708919157e+81,1.0402729006115984e-15,9.857082651593145e+95,1.0327802758110223e-15,7.739948114103226e+105,1.0552249770898273e-15
197,1.5503782652260193e-18,2.1034634325540396e-15,9.035602437548251e-18,1.755587660424644e-15,9.907843208673492e+26,1.4281743106084284e-15,5.532997296321277e+58,1.1882027531491562e-15,1.7865931694827285e+82,1.0444474037058174e-15,3.1258717128682877e+96,1.0309229908831221e-15,2.7512500238165263e+106,1.0582556732942454e-15
198,1.5503782652260193e-18,2.100453583857045e-15,9.182292144527941e-18,1.7555147685120239e-15,1.4144379072684985e+27,1.4300096091696393e-15,1.1319247643466425e+59,1.1887783208759268e-15,4.770621629867854e+82,1.0432573534338439e-15,9.91400011450668e+96,1.0286173419941996e-15,9.780041175239158e+106,1.058403262250074e-15
199,1.5503782652260193e-18,2.104525057805204e-15,9.03957270293852e-18,1.7544779721594123e-15,2.0193001856872433e+27,1.4269546702851273e-15,2.3157681239015217e+59,1.1864806826850543e-15,1.273926221289249e+83,1.0409598753564457e-15,3.144712917904855e+97,1.0265345826698916e-15,3.476719274146008e+107,1.0540966597931245e-15
200,1.5503782652260193e-18,2.10437610988175e-15,9.184517239771924e-18,1.7515943202094802e-15,2.8829023920869005e+27,1.4254384239142166e-15,4.737974307719453e+59,1.1890605623322583e-15,3.401993041240339e+83,1.0406013223412391e-15,9.976235796768703e+97,1.0260649069106225e-15,1.2359946622912037e+108,1.0537377178226998e-15
201,1.5503782652260193e-18,2.1036171971141182e-15,9.035602437548251e-18,1.7507721838260575e-15,4.1159573752531575e+27,1.4239046205224595e-15,9.694159654974341e+59,1.1851075511986908e-15,9.085362237847488e+83,1.0402029044861884e-15,3.1652303622507356e+98,1.025620643627574e-15,4.394215066618133e+108,1.051260783515632e-15
202,1.5503782652260193e-18,2.102610577338085e-15,9.182292144527941e-18,1.7501803513194161e-15,5.876564402808962e+27,1.4213884606304794e-15,1.983568453010628e+60,1.187122784652259e-15,2.426445834399359e+84,1.039128907153761e-15,1.0043756138099807e+99,1.0256403666016045e-15,1.5622965981959147e+109,1.0486403361248941e-15
203,1.5503782652260193e-18,2.1014571050381487e-15,9.03957270293852e-18,1.7493715144602328e-15,8.39049649965991e+27,1.4220042016224816e-15,4.0588546628956105e+60,1.1865399836197705e-15,6.480646428962092e+84,1.0381956521637352e-15,3.1874143170771694e+99,1.027057317613752e-15,5.5547287546657695e+109,1.0476664471193775e-15
204,1.5503782652260193e-18,2.0990357349600295e-15,9.184517239771924e-18,1.7496177409741831e-15,1.1980175509319527e+28,1.419696093195423e-15,8.305749357430617e+60,1.1832084504692541e-15,1.7309530037535337e+85,1.0361101585015723e-15,1.0116533118487446e+100,1.028134451602198e-15,1.975054795008375e+110,1.0454754563510568e-15
205,1.5503782652260193e-18,2.0992998328172996e-15,9.035602437548251e-18,1.749692229069521e-15,1.7106056148649368e+28,1.4177987409265395e-15,1.699702399690605e+61,1.1822786717974985e-15,4.623504643753831e+85,1.037438171059391e-15,3.2112567746102745e+100,1.0235302943057782e-15,7.022829121248123e+110,1.0398171445605135e-15
206,1.5503782652260193e-18,2.0985398677723298e-15,9.182292144527941e-18,1.7519006763802027e-15,2.4425734648167803e+28,1.416239446641576e-15,3.47844736719211e+61,1.18337606736793e-15,1.2350264101042459e+86,1.0340926448371171e-15,1.0194544065982479e+101,1.0226441314894972e-15,2.4972467444175857e+111,1.0373392954159296e-15
207,1.5503782652260193e-18,2.098696781855771e-15,9.03957270293852e-18,1.748428706953937e-15,3.4878375103449975e+28,1.415961820687646e-15,7.118954354533992e+61,1.183873853190717e-15,3.299134117476032e+86,1.0355534857944922e-15,3.2367513894822773e+101,1.0233533085897076e-15,8.880286120248863e+111,1.03053628549884e-15
208,1.5503782652260193e-18,2.0978557081988883e-15,9.184517239771924e-18,1.7481662299351383e-15,4.980530024460922e+28,1.4133775696662215e-15,1.4570181026755984e+62,1.1842264454717816e-15,8.81337670309792e+86,1.0386217556982594e-15,1.0277771477764958e+102,1.02452323692412e-15,3.1579726384366613e+112,1.0281703097009555e-15
209,1.5503782652260193e-18,2.098565734601259e-15,9.035602437548251e-18,1.7462840409104093e-15,7.112224133636369e+28,1.4140868173713199e-15,2.982163170110819e+62,1.1835253007429788e-15,2.3545243688017803e+87,1.0348056926114522e-15,3.2638934241483797e+102,1.021603582041027e-15,1.1230663741737317e+113,1.0235098846864739e-15
210,1.5503782652260193e-18,2.0988805179194648e-15,9.182292144527941e-18,1.745301919787363e-15,1.0156538209558199e+29,1.4117205755920297e-15,6.104011227457129e+62,1.1848319505273097e-15,6.290459930190574e+87,1.0317284486307662e-15,1.0366202853669494e+103,1.020540447447703e-15,3.994090528017158e+113,1.0239370462624121e-15
211,1.5503782652260193e-18,2.0985682904929253e-15,9.03957270293852e-18,1.7455581916795843e-15,1.4504281788473814e+29,1.4127023194467092e-15,1.2494430537111693e+63,1.185714046306321e-15,1.6806598563911943e+88,1.0346748075965832e-15,3.292679698122775e+103,1.0203469828777721e-15,1.4205141641220982e+114,1.0205269815206848e-15
212,1.5503782652260193e-18,2.099782921955784e-15,9.184517239771924e-18,1.744849801324689e-15,2.0713660422200465e+29,1.4103475408810768e-15,2.5576115836530238e+63,1.1875869458529196e-15,4.490506534351228e+88,1.0340530652768862e-15,1.0459830541419718e+104,1.0189993064595865e-15,5.052289028418373e+114,1.0135481272341884e-15
213,1.5503782652260193e-18,2.0970069477930767e-15,9.035602437548251e-18,1.7435554535946192e-15,2.958199312801003e+29,1.4140878513924725e-15,5.235636123523183e+63,1.1870901837689688e-15,1.1998550481136064e+89,1.030644335481553e-15,3.323108540805317e+104,1.0231780829647617e-15,1.7969894842381064e+115,1.0152048968161879e-15
214,1.5503782652260193e-18,2.0970501885381938e-15,9.182292144527941e-18,1.7447732186357126e-15,4.224816245872453e+29,1.4120088785520324e-15,1.0718174609447294e+64,1.1830330539422056e-15,3.206122003017871e+89,1.0303803219492965e-15,1.0558651592876015e+105,1.0190398580851061e-15,6.391714853119179e+115,1.0123863596764755e-15
215,1.5503782652260193e-18,2.098565086970224e-15,9.03957270293852e-18,1.7438271071363187e-15,6.03389695930534e+29,1.4115064310204515e-15,2.194261967944137e+64,1.1855616255984648e-15,8.567398850407499e+89,1.0266763700881162e-15,3.355179747686957e+105,1.0191496029921384e-15,2.27354492123955e+116,1.01353738849793e-15
216,1.5503782652260193e-18,2.0976124180565916e-15,9.184517239771924e-18,1.74438710626045e-15,8.617821383083596e+29,1.409363604084511e-15,4.4923353740922136e+64,1.1844877348655275e-15,2.2894727365890214e+90,1.0235500371846992e-15,1.0662667630651308e+106,1.016020989630556e-15,8.087303942063396e+116,1.0102930310561407e-15
217,1.5503782652260193e-18,2.0934300131381378e-15,9.035602437548251e-18,1.7444567771598305e-15,1.2308538417427119e+30,1.4108461672224446e-15,9.197540063633382e+64,1.1852976259001581e-15,6.118421433480399e+90,1.0242023553355293e-15,3.3888945397373668e+106,1.0163147842950536e-15,2.876854255516316e+117,1.0101831000083602e-15
218,1.5503782652260193e-18,2.0907575010169756e-15,9.182292144527941e-18,1.7457772365642594e-15,1.7580237868162432e+30,1.40980838038912e-15,1.8831582003151712e+65,1.1870985957297064e-15,1.635161273064581e+91,1.0200482160902855e-15,1.0771884724495866e+107,1.0140407244406995e-15,1.0234004897116155e+118,1.0111510042909025e-15
219,1.5503782652260193e-18,2.0919524756336746e-15,9.03957270293852e-18,1.746025310568006e-15,2.511031387928036e+30,1.4096923487055936e-15,3.8558249088036933e+65,1.186573262109347e-15,4.370176386897066e+91,1.016673748137693e-15,3.42425552579229e+107,1.0152036248561752e-15,3.640716346332818e+118,1.0188834175121608e-15
220,1.5503782652260193e-18,2.08725003423522e-15,9.184517239771924e-18,1.7454143447248105e-15,3.586646211246653e+30,1.4078470067316023e-15,7.89519696302834e+65,1.1856987561939163e-15,1.1680310378018358e+92,1.0203545781033347e-15,1.0886313276895367e+108,1.0140302610346344e-15,1.2952134125413752e+119,1.017283443385638e-15
221,1.5503782652260193e-18,2.0882934539125876e-15,9.035602437548251e-18,1.7440815696523283e-15,5.123111581398683e+30,1.4082064758259252e-15,1.616678214295641e+66,1.185258741530838e-15,3.121955595544141e+92,1.0195798356689877e-15,3.4612666677712496e+108,1.0128457732838998e-15,4.607962062986743e+119,1.013564682965295e-15
222,1.5503782652260193e-18,2.0855645939495673e-15,9.182292144527941e-18,1.7449491629425198e-15,7.317923112057832e+30,1.4054392910428571e-15,3.3105408102268537e+66,1.1868963036411913e-15,8.344798603205926e+92,1.0164274810481264e-15,1.1005967917365929e+109,1.0139609110905308e-15,1.6394166411072395e+120,1.0124921999117862e-15
223,1.5503782652260193e-18,2.0838675148524e-15,9.03957270293852e-18,1.7443902790567043e-15,1.0453229819420922e+31,1.4069610504038918e-15,6.7793622691107e+66,1.1850837792146101e-15,2.2305998943418853e+93,1.0198258880271074e-15,3.4999332485682656e+109,1.0153573606696659e-15,5.832872444553475e+120,1.0141019396679299e-15
224,1.5503782652260193e-18,2.0833634917946855e-15,9.184517239771924e-18,1.7461787180809106e-15,1.4932126619385384e+31,1.4062540436664894e-15,1.3883311560711747e+67,1.1832048898698258e-15,5.962715052116452e+93,1.0200035754747934e-15,1.1130867404966625e+110,1.010268668975432e-15,2.075334625784657e+121,1.0126608276577574e-15
225,1.5503782652260193e-18,2.0817124491619016e-15,9.035602437548251e-18,1.7450943430160538e-15,2.133050901944973e+31,1.4070593583584013e-15,2.843226306793557e+67,1.1810112554862894e-15,1.5939800343626789e+94,1.020132291755595e-15,3.540261842469409e+110,1.0130441773503158e-15,7.384245347722271e+121,1.0098646463048469e-15
226,1.5503782652260193e-18,2.081192722160214e-15,9.182292144527941e-18,1.7463250431596646e-15,3.047116425910548e+31,1.404822417315144e-15,5.822958837131954e+67,1.1807018605887664e-15,4.261259926149131e+94,1.0189044330315057e-15,1.1261034538583838e+111,1.0186193274219514e-15,2.627460892940398e+122,1.0115008454834225e-15
227,1.5503782652260193e-18,2.0800331877626767e-15,9.03957270293852e-18,1.7462347945238947e-15,4.352963607102539e+31,1.4011116686263862e-15,1.1925861138468878e+68,1.1779048303645397e-15,1.1392246840828588e+95,1.0197457394000153e-15,3.58226028796135e+111,1.0156612244039081e-15,9.349284743692079e+122,1.0074783613852773e-15
228,1.5503782652260193e-18,2.08112610986377e-15,9.184517239771924e-18,1.7462791954859994e-15,6.218549140282623e+31,1.4024144459200536e-15,2.4425829451031086e+68,1.1783286157703785e-15,3.0457681797721995e+95,1.016105673465278e-15,1.1396496074573301e+112,1.0112307454232958e-15,3.326843157563696e+123,1.0071699497416281e-15
229,1.5503782652260193e-18,2.0820161898625427e-15,9.035602437548251e-18,1.7465426603029536e-15,8.883846388136333e+31,1.4000828604871241e-15,5.002904887049201e+68,1.178060308265311e-15,8.143297276572242e+95,1.0161696913438924e-15,3.625937662804668e+112,1.0085967090406724e-15,1.1838533659012396e+124,1.0038715533342545e-15
230,1.5503782652260193e-18,2.0791814355809216e-15,9.182292144527941e-18,1.7471998022619022e-15,1.2691730371803783e+32,1.4004679906546854e-15,1.0247273756831245e+69,1.1770252906108558e-15,2.177306692229923e+96,1.0180262820429732e-15,1.1537282651374883e+113,1.010430757031827e-15,4.2128401683626077e+124,1.0016957824609836e-15
231,1.5503782652260193e-18,2.079772915085782e-15,9.03957270293852e-18,1.7469870385202685e-15,1.8132110359477132e+32,1.3996742224745164e-15,2.098975706687699e+69,1.1768385301462474e-15,5.821765246065309e+96,1.0183270864812805e-15,3.6713042612544055e+113,1.0095952080508631e-15,1.4992131197892077e+125,1.0008348338168278e-15
232,1.5503782652260193e-18,2.079975104334392e-15,9.184517239771924e-18,1.7461119755174264e-15,2.5904993328625352e+32,1.3999596634863617e-15,4.2995131807314265e+69,1.1761527695934936e-15,1.5567017917649775e+97,1.0246308840161237e-15,1.1683428720741819e+114,1.010195305309406e-15,5.3353501866770346e+125,1.000345388694082e-15
233,1.5503782652260193e-18,2.0780218806442697e-15,9.035602437548251e-18,1.7441698268815139e-15,3.701060011274217e+32,1.4003298061498423e-15,8.80732000716573e+69,1.1745821459652603e-15,4.162667359131557e+97,1.0197240021186376e-15,3.718371573318775e+114,1.0086595337393746e-15,1.8987749532918064e+126,9.983696433643483e-16
234,1.5503782652260193e-18,2.078281108523687e-15,9.182292144527941e-18,1.742589157692837e-15,5.287814104505336e+32,1.3974225688927068e-15,1.8041835135327938e+70,1.1753723402586712e-15,1.1131493292648486e+98,1.0159025001216145e-15,1.1834972485251612e+115,1.006176401742353e-15,6.757637881365401e+126,9.965963070230607e-16
235,1.5503782652260193e-18,2.07767400425395e-15,9.03957270293852e-18,1.7426781464430797e-15,7.554983852211074e+32,1.3972719016815296e-15,3.69598253691673e+70,1.1763148480923796e-15,2.976805664097561e+98,1.012735247459085e-15,3.7671522659543863e+115,1.0041531061769672e-15,2.405066252202685e+127,9.953900839542315e-16
236,1.5503782652260193e-18,2.076490348192459e-15,9.184517239771924e-18,1.741619452881802e-15,1.0794390207103398e+33,1.3989004387237243e-15,7.571661774040634e+70,1.1766543485291551e-15,7.960910946390383e+98,1.0127457922973861e-15,1.1991955841788695e+116,1.0037387959047298e-15,8.559920543448268e+127,9.975125716678033e-16
237,1.5503782652260193e-18,2.0739192774773937e-15,9.035602437548251e-18,1.7409616299509696e-15,1.5423033472699274e+33,1.397388072763635e-15,1.5511879617850687e+71,1.1777830573056624e-15,2.129071135674196e+99,1.009309555503192e-15,3.817660166103501e+116,1.00621388250379e-15,3.0466519180764835e+128,9.957454642747811e-16
238,1.5503782652260193e-18,2.0715373545937278e-15,9.182292144527941e-18,1.7405043171201996e-15,2.2036798920567002e+33,1.396906203065564e-15,3.1779671419390703e+71,1.1770036912118248e-15,5.694198459041215e+99,1.0077485087253307e-15,1.2154424330710487e+117,1.0018831982211394e-15,1.084391783910127e+129,9.974208418672239e-16
239,1.5503782652260193e-18,2.0696701486501016e-15,9.03957270293852e-18,1.7400403874834644e-15,3.1487207287665933e+33,1.396783209132068e-15,6.510974151681228e+71,1.1758156337308948e-15,1.5229650804699109e+100,1.0084693647274518e-15,3.869910245485439e+117,9.988450705460524e-16,3.859754956762678e+129,9.998727047194727e-16
240,1.5503782652260193e-18,2.0633890906867168e-15,9.184517239771924e-18,1.7387988259370602e-15,4.499110010205342e+33,1.3958117169373828e-15,1.3339942837991688e+72,1.1775856479245826e-15,4.073447371140053e+100,1.007856472576974e-15,1.232242709042904e+118,1.0009296133368352e-15,1.373862430683429e+130,1.0002670103131434e-15
241,1.5503782652260193e-18,2.0633894443771414e-15,9.035602437548251e-18,1.7381221923719976e-15,6.428739476556557e+33,1.3957622882167365e-15,2.7332114669018055e+72,1.1764337195955417e-15,1.0895545812523172e+101,1.007433406017793e-15,3.9239186070603197e+118,1.0009413119994812e-15,4.890312656157845e+130,9.977288133172392e-16
242,1.5503782652260193e-18,2.059133919505277e-15,9.182292144527941e-18,1.7364430089371402e-15,9.186111158976553e+33,1.3933881297708831e-15,5.600200927525525e+72,1.1773299884582257e-15,2.9144089432264884e+101,1.006258704846041e-15,1.2496016817158478e+119,1.0021508092356044e-15,1.740763361282351e+131,9.988117403690014e-16
243,1.5503782652260193e-18,2.0606718216371436e-15,9.03957270293852e-18,1.7366211641206924e-15,1.312635469117788e+34,1.3936627427818956e-15,1.1474795056404606e+73,1.1805073739303906e-15,7.795904505340562e+101,1.006550487149258e-15,3.97970247308904e+119,9.954392898400362e-16,6.196585574469394e+131,9.917090391329962e-16
244,1.5503782652260193e-18,2.0604008788781794e-15,9.184517239771924e-18,1.7378902872637096e-15,1.8756986132987416e+34,1.391783764660471e-15,2.351240562760012e+73,1.177353896344798e-15,2.0854364154933742e+102,1.0049684268370623e-15,1.2675249729596255e+120,9.99942683961403e-16,2.2058432205798576e+132,9.943957714689218e-16
245,1.5503782652260193e-18,2.0602209355521336e-15,9.035602437548251e-18,1.7325776259352905e-15,2.680330685293305e+34,1.3898159503944878e-15,4.8179228425404585e+73,1.1776377045128308e-15,5.578811928665601e+102,1.007229899927634e-15,4.0372801747186836e+120,9.959350958746133e-16,7.852468139835753e+132,9.942722236337208e-16
246,1.5503782652260193e-18,2.0604797444445634e-15,9.182292144527941e-18,1.7343474802382395e-15,3.8301873309796497e+34,1.3885354415903009e-15,9.87263573743953e+73,1.1756597320103557e-15,1.4924531910655407e+103,1.0065055300248277e-15,1.2860185538322244e+121,9.930694879934756e-16,2.7954192537660227e+133,9.888147013497792e-16
247,1.5503782652260193e-18,2.058682640397219e-15,9.03957270293852e-18,1.7318537444125474e-15,5.473408813946745e+34,1.3891417863716086e-15,2.0230971410175052e+74,1.173507034156982e-15,3.992765939557065e+103,1.0071543454493293e-15,4.0966711430275493e+121,9.944941372283427e-16,9.951689757560947e+133,9.893628171751254e-16
248,1.5503782652260193e-18,2.0583869840159193e-15,9.184517239771924e-18,1.7333397289481095e-15,7.821713668641999e+34,1.3887417440000216e-15,4.1458211577110964e+74,1.1730534886728009e-15,1.0682207906477731e+104,1.0050953973238885e-15,1.3050887419714916e+122,9.918719037511615e-16,3.542873888748672e+134,9.853121752056231e-16
249,1.5503782652260193e-18,2.0568349706310227e-15,9.035602437548251e-18,1.7342662991200104e-15,1.1177688842716053e+35,1.3871809642284613e-15,8.495998980594124e+74,1.1728441518094233e-15,2.8579994988002438e+104,1.006801494564847e-15,4.1578959014684764e+122,9.92510737098137e-16,1.2613146230939231e+135,9.866581494980672e-16
