,kziht4,kziht_rr4,kziht5,kziht_rr5,kziht6,kziht_rr6,kziht7,kziht_rr7
0,0.6030469293699043,0.44192501230463344,0.6321406615392584,0.46804357533818675,0.6624243734371059,0.5067841485039261,0.7019254976460525,0.5501100620301083
1,0.3926736166929423,0.23704558942630086,0.43292420464876097,0.2750801570747196,0.48157493273689184,0.32551444997539525,0.5398011774790146,0.38066609663643497
2,0.26795611896857907,0.13716662801928178,0.31148137536811665,0.17497352669735977,0.36581587448904884,0.22723179170583946,0.4373703527653489,0.2887653579085352
3,0.18867369212981033,0.08302816808028272,0.23080445313258616,0.11645290858884462,0.2870045723818759,0.16521302849349606,0.3638921687944293,0.22921784720870286
4,0.13548610521009302,0.05172198520203748,0.1749800535653748,0.07985281698243842,0.22975220082678988,0.12358501697526526,0.3090411972232594,0.18678508174824704
5,0.0984832440512406,0.03282360318271551,0.1344968537093656,0.055699772749634585,0.18690057523545583,0.09401978659922512,0.26584904473432097,0.15479594114484077
6,0.07240693074736587,0.021127117015999203,0.1042825205537689,0.03939420240704866,0.1541634067471783,0.07252294428065435,0.2309006128692357,0.13004574656065024
7,0.053648919614803475,0.01379658047969988,0.08196709535528267,0.028199301381128094,0.1281468481132954,0.056582981784108526,0.20268363790212215,0.1102566705609795
8,0.04005859022968369,0.00908763811101903,0.06468586096375882,0.02037325636248157,0.10720860044136217,0.044495995043232914,0.1788085649483498,0.094196604216066
9,0.03007081363350764,0.006020704244420314,0.051545136074006265,0.014823090062666659,0.09031374069500739,0.03523534484524191,0.1585697502438326,0.08090095410406394
10,0.022768469177400812,0.004010221575079163,0.04133686526487962,0.010841774000854598,0.07650628507734016,0.02804095841425366,0.14152919232618094,0.06988274852416053
11,0.01730643242808884,0.0026911698322042168,0.033220053098748786,0.007973934866388145,0.06501811108440679,0.02243222663694887,0.12679435175905165,0.06060488348149948
12,0.013175871065940955,0.0018147142415155834,0.026792093993701444,0.005885163114079158,0.055549420068984584,0.01804929800676689,0.11402692169116106,0.05276814352215416
13,0.010112194687225214,0.0012278124371169776,0.02172568127964414,0.004359910952899034,0.047519235460941216,0.01456004386153451,0.10273661365000553,0.04605735100271415
14,0.00780434841917811,0.0008355420461202506,0.01763063657160456,0.0032419366366220944,0.040770387443461675,0.011780648007040422,0.09292589697287604,0.04031094028190625
15,0.006024196563217017,0.0005697629885505832,0.014347127209327105,0.0024195459253444165,0.03515267357599171,0.00955055713731403,0.08431148730848713,0.03535534834097052
16,0.004650257062975206,0.00039001119600127766,0.011712448035822831,0.0018073686113243125,0.03034397802434815,0.007763351115523631,0.076639471721131,0.031092362249363292
17,0.0035906925262410745,0.0002671028703983444,0.009580819959511657,0.0013544978635685336,0.026268452880921257,0.006331609947682978,0.06982887172867243,0.02739164982088155
18,0.0027773453982886474,0.0001833573381704467,0.007854435073571196,0.0010165854520941618,0.022729410681365806,0.005168854890966692,0.06361545049040403,0.024166076727557596
19,0.002158199536560358,0.00012602865900218426,0.006456684056027114,0.0007653384029473718,0.019736300348370473,0.004225117605682052,0.05802667429086004,0.02135728537636548
20,0.0016840801977536688,8.68718969951442e-05,0.005302958050966364,0.0005767434533843571,0.017189232077175404,0.0034632197862941067,0.05306455916885604,0.018893974630385356
21,0.0013120727918414152,5.990466164042351e-05,0.004380559920102369,0.00043510604578192425,0.01499241897984384,0.002841675382619648,0.0485447974457552,0.016735792919114426
22,0.001024742659300853,4.143855945618563e-05,0.0036157157651976503,0.00032846462341126114,0.013072931524943411,0.0023361027992772065,0.044508169091973866,0.014852854061583855
23,0.0008039685248030153,2.8670752586400844e-05,0.002982921566549795,0.00024830360717471487,0.011424592965804177,0.001923899759272775,0.04087222875160546,0.013191014203711581
24,0.0006278466814620738,1.9868174578538007e-05,0.0024703634471107904,0.0001880866418371694,0.00997246308715792,0.0015844607975920378,0.037512362067494344,0.011730807106025795
25,0.0004927348542632838,1.3798361361193294e-05,0.0020397543888694344,0.00014240955127059593,0.008730334367357933,0.0013065098952340767,0.0344849745498188,0.010440885545907634
26,0.0003867393751826405,9.593322245476154e-06,0.0016916117492821628,0.00010808187508763207,0.007652884555638304,0.0010786725231780655,0.03173806729938431,0.009300147085292608
27,0.0003040877673725533,6.674873361250413e-06,0.001404040697220695,8.213280695427088e-05,0.006725008655734611,0.0008912724131275269,0.02921132120475806,0.008291252215077743
28,0.00023972207718887808,4.653065406597927e-06,0.0011696156170193967,6.251740008758441e-05,0.0059050797602683966,0.0007371722594697591,0.02690456925538482,0.007392912399569344
29,0.00018874208077261146,3.240552728617254e-06,0.0009732815579603586,4.761892520313256e-05,0.005191676991453863,0.000610611361612207,0.024823275423675444,0.006600720693188007
30,0.00014848826934334294,2.259607414761785e-06,0.0008099751471721744,3.6278162262166635e-05,0.004567046108670321,0.000505894884793062,0.02292671272892866,0.005896959029029218
31,0.00011708313746255342,1.5767525525933594e-06,0.0006730245983031796,2.7642463059833314e-05,0.004024977483741737,0.00041954834525391227,0.021171197950940527,0.005270645993411101
32,9.259109820050779e-05,1.1012180127825967e-06,0.0005606849671875801,2.1072047472902895e-05,0.003545082812473337,0.00034808667172877005,0.019560800055964302,0.004713193205004078
33,7.344401120536466e-05,7.704911296665479e-07,0.00046855963352619733,1.6087352768287933e-05,0.003119290304119187,0.0002889167669615308,0.018088101797413495,0.004217583401652919
34,5.801634637656881e-05,5.396429919076903e-07,0.00039120586902190586,1.2305400060851151e-05,0.00274925129402597,0.00024025563845043278,0.016714525362351053,0.003774989639041316
35,4.5765529273961585e-05,3.782544910698807e-07,0.00032613086554636006,9.401449094094502e-06,0.0024229139900311157,0.00019975602676285193,0.015461580593264492,0.0033810477573205868
36,3.6219233835179396e-05,2.6499415356630407e-07,0.00027228659294945256,7.1856511898553105e-06,0.0021381548099834117,0.0001661832287002205,0.014303475230866607,0.003029674877893165
37,2.8750904761178196e-05,1.856119457805023e-07,0.00022739073153442955,5.501655837394962e-06,0.0018856188424866555,0.0001384692492742142,0.01324143069021243,0.0027162582872852737
38,2.282426366469485e-05,1.300729885886211e-07,0.00018998638634977423,4.212417139824823e-06,0.001661482911396051,0.00011528357638560931,0.012262227244604913,0.002436369136053128
39,1.8097921334391554e-05,9.137156486601537e-08,0.00015871913701547512,3.226279950095282e-06,0.0014687473091764484,9.606836471022437e-05,0.011357190929877135,0.0021861241415157538
40,1.4317462238621933e-05,6.424609726669432e-08,0.00013281537170767708,2.4712173594544286e-06,0.001297916460703754,8.014363165978525e-05,0.010520761977727977,0.001962957582538799
41,1.1352604944124226e-05,4.510422486787631e-08,0.00011092255530160066,1.8918087034364752e-06,0.0011484428384615898,6.68823535912032e-05,0.009755223513587742,0.0017627617176603722
42,9.014317961111949e-06,3.172432858497577e-08,9.294853276003141e-05,1.450998396059591e-06,0.0010156151123783624,5.579083332037808e-05,0.009051286181613855,0.0015841021484023804
43,7.151939786575763e-06,2.2302957730702528e-08,7.78616007719984e-05,1.1127481018071822e-06,0.0008977047473190436,4.6633395828281745e-05,0.008398114525707533,0.00142353971780419
44,5.686002854784167e-06,1.5682453961186482e-08,6.534400610457319e-05,8.536936897066583e-07,0.0007940163424386282,3.8953293184439194e-05,0.0077874226690189865,0.0012802150877930024
45,4.504930142689479e-06,1.1031922328678531e-08,5.474538804163701e-05,6.552553656318499e-07,0.0007031520096624372,3.25407380204124e-05,0.007226081886223926,0.0011512383762090068
46,3.5679228563428655e-06,7.765640255633047e-09,4.586978284138439e-05,5.035472163661544e-07,0.0006227497416573604,2.7212573335864573e-05,0.006712067719935273,0.0010360989530948702
47,2.8444065601721225e-06,5.479154982458207e-09,3.853376247616002e-05,3.869947215517344e-07,0.0005520080702471745,2.2760089895025518e-05,0.006237146085250808,0.0009328778175901199
48,2.2587061405811225e-06,3.861040016423211e-09,3.23380374285301e-05,2.9760524404517257e-07,0.0004885326907420799,1.903947166179971e-05,0.005796315831122053,0.0008399767569173736
49,1.8041276161840853e-06,2.7231769174027125e-09,2.710342111801945e-05,2.2880597192462118e-07,0.0004331021850367172,1.5940513614214446e-05,0.00539027653584562,0.000756417339867496
50,1.440518206075805e-06,1.9197427630491926e-09,2.2724206829663928e-05,1.757059364195187e-07,0.00038380487819243865,1.3353715538763175e-05,0.005017533754996432,0.0006811953761263632
51,1.1442280065925715e-06,1.3540047858381858e-09,1.9104567071448255e-05,1.353026285691391e-07,0.00034080101626038833,1.1189304410957913e-05,0.004665472942408991,0.0006139723627160953
52,9.141515870688167e-07,9.550741832928994e-10,1.6054032501697665e-05,1.0420888531661228e-07,0.0003021525336437569,9.374841200729169e-06,0.004337822013517321,0.0005531529674425296
53,7.288339623232626e-07,6.738280714946213e-10,1.3480740326939609e-05,8.024630701428488e-08,0.00026810186430135604,7.864475173907293e-06,0.004037137250499114,0.0004985758451003927
54,5.810540193917106e-07,4.762060857654213e-10,1.1337425392991757e-05,6.182793478351155e-08,0.00023794635070508222,6.595858579681702e-06,0.003755942755992509,0.0004495058446941267
55,4.6352265973793486e-07,3.3653362873273864e-10,9.536103191557378e-06,4.7632085109130583e-08,0.00021170014307963077,5.531009710458135e-06,0.003499577085756791,0.00040537706871444804
56,3.6859024929009597e-07,2.3765911310115885e-10,8.014098668966255e-06,3.6706679239411896e-08,0.00018817672074757493,4.639402154944182e-06,0.003257297881978356,0.0003657014595097953
57,2.9430381043798055e-07,1.680604836279526e-10,6.733049881346439e-06,2.82963894557021e-08,0.00016711718477056156,3.8952678265942256e-06,0.0030338947549277207,0.00032984573046073546
58,2.3473977877958065e-07,1.1894727758823536e-10,5.673693399303172e-06,2.1830378480971e-08,0.0001485086719584031,3.270365912451738e-06,0.0028260002380871684,0.00029781640992216
59,1.8689142491561205e-07,8.405897694086697e-11,4.772189156275561e-06,1.6823567015706677e-08,0.0001319550879477153,2.7463421619556503e-06,0.0026333684733346762,0.000268919696816002
60,1.492497155877937e-07,5.94618331606559e-11,4.016654306275908e-06,1.2991584087431917e-08,0.00011737169104086105,2.305192916881536e-06,0.002453448111536015,0.00024292270388724769
61,1.1901863371172031e-07,4.207456306728473e-11,3.3777316096642505e-06,1.0014469834696923e-08,0.00010444411803050736,1.9353395246190482e-06,0.0022870595144768484,0.0002194032187364313
62,9.514832887937551e-08,2.9762400620393484e-11,2.8391837526101163e-06,7.728393431712283e-09,9.277445684712097e-05,1.6272063232047546e-06,0.002131716277498521,0.00019824862513878762
63,7.600846652516856e-08,2.108715004980939e-11,2.3919342139694193e-06,5.9660785434842426e-09,8.253529763058674e-05,1.3677191944451868e-06,0.0019852796455173084,0.0001790486304627853
64,6.070410846022036e-08,1.492663530051801e-11,2.01662645676804e-06,4.612458802978484e-09,7.334209141767426e-05,1.1506361188206502e-06,0.001850711966087999,0.0001618283915710518
65,4.844613321325141e-08,1.0551011272186023e-11,1.702070409514992e-06,3.5607205004601253e-09,6.532344318163703e-05,9.672869588445202e-07,0.0017244769635673604,0.00014630005563942707
66,3.86591600406185e-08,7.480578626880676e-12,1.434842514042001e-06,2.7496740387516627e-09,5.8147567869402215e-05,8.131510042845648e-07,0.001608422147008415,0.0001322654971621951
67,3.0929128138778096e-08,5.304700396383585e-12,1.2072630156657743e-06,2.124436061834292e-09,5.175755644182418e-05,6.840180943837899e-07,0.0015022414377977797,0.00011957693165676983
68,2.4767339024695178e-08,3.758042446457779e-12,1.0183651978688493e-06,1.642471259736235e-09,4.602712269050246e-05,5.752282690138666e-07,0.0014011250964007472,0.00010813857501319021
69,1.9791064644569043e-08,2.6610964520440816e-12,8.571218871027318e-07,1.2700834262620035e-09,4.1000492466059625e-05,4.83837091031734e-07,0.0013085762804991535,9.780438390521994e-05
70,1.5825893787316914e-08,1.8860496881446236e-12,7.221363200427575e-07,9.829901413128131e-10,3.6517604661763574e-05,4.076077416434438e-07,0.0012210401464608975,8.850269521646313e-05
71,1.264803652812885e-08,1.3379496734261275e-12,6.091561253823352e-07,7.5932059275535e-10,3.2527952007706224e-05,3.4325177575574205e-07,0.0011391854997093262,8.008566987238332e-05
72,1.0106481215217346e-08,9.482041503727583e-13,5.142285302959758e-07,5.877387770454022e-10,2.8944742192727466e-05,2.891089750014571e-07,0.0010641443111587157,7.246658645880062e-05
73,8.058803913601374e-09,6.727794279653195e-13,4.350091814175439e-07,4.5393492724821267e-10,2.5743892635522668e-05,2.4345543768672895e-07,0.0009935435615408867,6.558938735613459e-05
74,6.440596576578692e-09,4.765822669708863e-13,3.6727121098108224e-07,3.508634364960743e-10,2.293818965664569e-05,2.0513413792691354e-07,0.0009279398686177206,5.9380661110555735e-05
75,5.170756317063689e-09,3.3779720495949145e-13,3.096936605797328e-07,2.714574407634404e-10,2.0430490233616437e-05,1.7299459065338966e-07,0.0008666388824767524,5.376288918152306e-05
76,4.151374693901556e-09,2.398110384409822e-13,2.619034894665378e-07,2.1017530820781581e-10,1.8175031395713152e-05,1.4571285485874869e-07,0.0008096905739989568,4.868036262170426e-05
77,3.3276267224521404e-09,1.7005999196507718e-13,2.2072949156300927e-07,1.6285339251870186e-10,1.6209435618856478e-05,1.228582894615888e-07,0.0007565897725197406,4.4100390320339344e-05
78,2.6685693392047572e-09,1.208472705317513e-13,1.861881546495752e-07,1.2598133514540405e-10,1.4434380447488967e-05,1.0355438214535825e-07,0.0007077417450614817,3.994683606724246e-05
79,2.131895945621945e-09,8.569316132129028e-14,1.572614402081369e-07,9.752882080440542e-11,1.2846690623023866e-05,8.72692615277233e-08,0.0006616384790825909,3.619008218811365e-05
80,1.7011904778033334e-09,6.085121042409603e-14,1.3300574028579538e-07,7.554248661984979e-11,1.1459652262096888e-05,7.366336711008477e-08,0.0006185322650946265,3.2803521775988685e-05
81,1.3648570758909724e-09,4.3246303931459285e-14,1.1248357139034864e-07,5.848326669852798e-11,1.0233140680762807e-05,6.215791440858073e-08,0.0005783797164395704,2.9727034448969697e-05
82,1.0917371477671466e-09,3.0787964529403513e-14,9.489342030112691e-08,4.527544310229082e-11,9.136024734439566e-06,5.250041100188813e-08,0.0005408741841871167,2.693426082118951e-05
83,8.738420521188061e-10,2.1942110983321702e-14,8.005539271740778e-08,3.5044776409941154e-11,8.159725365510049e-06,4.426471826247812e-08,0.000506062715180566,2.441964842092246e-05
84,7.012060783681695e-10,1.5669797524530718e-14,6.763085836210855e-08,2.7115574256419915e-11,7.267652470926058e-06,3.730573677267999e-08,0.0004734492563032627,2.2141373020014657e-05
85,5.619727774751723e-10,1.1341468555410729e-14,5.711139753472726e-08,2.1047258241923838e-11,6.477844629396814e-06,3.148289974598894e-08,0.000442968867021976,2.0071430934004665e-05
86,4.497423706443102e-10,8.30089745942029e-15,4.837144524436215e-08,1.6291310792193777e-11,5.780144024647375e-06,2.6583353685507844e-08,0.0004145597587145037,1.8194643140520074e-05
87,3.6056837983668585e-10,6.183347559406356e-15,4.0969980729312496e-08,1.2622556697430433e-11,5.154488343870917e-06,2.242584287346303e-08,0.000387859778486196,1.6493028184698857e-05
88,2.8982956833494904e-10,4.732407058308157e-15,3.460491468462324e-08,9.790717052556636e-12,4.606043197751805e-06,1.8945511792261517e-08,0.0003625529607387107,1.4957185061092992e-05
89,2.3244484169447628e-10,3.696439823039026e-15,2.9231952236356876e-08,7.58522020401333e-12,4.111171835319057e-06,1.6005530968531972e-08,0.0003390809882618362,1.3565153385155136e-05
90,1.8633070820435545e-10,3.0469216621328917e-15,2.4695148351828672e-08,5.88507772317055e-12,3.6748250869851596e-06,1.351936027180309e-08,0.0003171354181336985,1.2303858633742815e-05
91,1.4925348563925297e-10,2.540828454640398e-15,2.089981238653533e-08,4.5657074106623545e-12,3.278818536369709e-06,1.1420875750445223e-08,0.0002967902974320375,1.1165220397818259e-05
92,1.1960892479785472e-10,2.333525963513191e-15,1.7694186300614987e-08,3.5388706951137523e-12,2.9198185831287415e-06,9.657115616838443e-09,0.0002778276466434346,1.0131439913347075e-05
93,9.56862985029206e-11,2.2312963651199266e-15,1.4972037038830077e-08,2.7484125604636003e-12,2.603792994976943e-06,8.156505894504445e-09,0.00025987391390633547,9.187901179517293e-06
94,7.693416642333094e-11,2.085664663552577e-15,1.2670073102636576e-08,2.1322135944928923e-12,2.3245855800005395e-06,6.898685801050382e-09,0.0002431366063220668,8.340578157408833e-06
95,6.18260128275021e-11,2.010920324148641e-15,1.076742526877472e-08,1.6531978932247505e-12,2.076647432599977e-06,5.83071471176899e-09,0.00022753753054323956,7.571627511960403e-06
96,4.953031201424661e-11,1.9665971566631647e-15,9.085040849161453e-09,1.2826411054774661e-12,1.8544460460416577e-06,4.928392198357321e-09,0.00021301485183415985,6.874020864353844e-06
97,3.9638883672729946e-11,1.9499931509728554e-15,7.681922376429307e-09,9.932810373999592e-13,1.6575977034657007e-06,4.168594180271054e-09,0.0001993969521859203,6.241454507612646e-06
98,3.171567897089526e-11,1.921696366950695e-15,6.513237803668871e-09,7.712594740149484e-13,1.483957315475367e-06,3.528845001990091e-09,0.00018679623369484617,5.669000481814456e-06
99,2.540746096551818e-11,1.9546712885555275e-15,5.5108308125244834e-09,5.989153243914135e-13,1.3272462184617157e-06,2.986355879003674e-09,0.0001750121731883293,5.148625342867371e-06
100,2.041101167837698e-11,2.04596564350573e-15,4.657304792574975e-09,4.646926001082546e-13,1.1861567797169539e-06,2.5259081987812663e-09,0.0001639104049520703,4.674591551396335e-06
101,1.6426568843805005e-11,2.0046192518606033e-15,3.947598095115985e-09,3.613443150527891e-13,1.0603744000684705e-06,2.1394566347777895e-09,0.00015366112079428783,4.244903954061533e-06
102,1.317842609059961e-11,2.0396131440404058e-15,3.339434688670843e-09,2.8062454937774396e-13,9.473853046291177e-07,1.8106395759109855e-09,0.00014387548099446357,3.854489391198202e-06
103,1.0601752171099457e-11,2.018541141329501e-15,2.8240853492294363e-09,2.1799745217013454e-13,8.472724047889273e-07,1.532142102750559e-09,0.00013483588466668345,3.501507869297398e-06
104,8.496132338974686e-12,1.988752847600046e-15,2.393720082824123e-09,1.692792269861463e-13,7.573428666397124e-07,1.2976929002893122e-09,0.00012636859694043523,3.181576657056981e-06
105,6.813165986620894e-12,1.942389634151706e-15,2.02792127480485e-09,1.314847866104237e-13,6.76990684858157e-07,1.0975496925100821e-09,0.00011842003373189756,2.889369235101941e-06
106,5.472255027071085e-12,1.9193134603881556e-15,1.7133015073576993e-09,1.0227411752451763e-13,6.063791061364514e-07,9.30842113185009e-10,0.00011104190850951345,2.6243873408469453e-06
107,4.398775338830989e-12,1.9365327318889e-15,1.4509097669623783e-09,7.942553303425982e-14,5.417356356388897e-07,7.87994167221931e-10,0.00010410292932605947,2.3845227886355033e-06
108,3.5281087232770087e-12,1.9638228777499556e-15,1.2298972240730436e-09,6.187994720075233e-14,4.841793012975961e-07,6.671336936464204e-10,9.7619603943352e-05,2.1664759817534938e-06
109,2.830055602223345e-12,1.9280323949323574e-15,1.045537724526722e-09,4.807226524467248e-14,4.3320826012092855e-07,5.655126693422083e-10,9.156540484712605e-05,1.9687207393576616e-06
110,2.2758460043576165e-12,1.97428856944423e-15,8.850342807625426e-10,3.747268838576899e-14,3.871726160825154e-07,4.791065501059001e-10,8.585777026577047e-05,1.790443063307823e-06
111,1.8360682975441675e-12,1.933407520481502e-15,7.489485252864602e-10,2.920397759231706e-14,3.4588214761209415e-07,4.055352180023467e-10,8.048961939976722e-05,1.6268068663418269e-06
112,1.4697212482918026e-12,1.8990653275057713e-15,6.339380290241027e-10,2.2816098696793536e-14,3.095192948178292e-07,3.4360929318244067e-10,7.546979693324407e-05,1.4781754869087964e-06
113,1.1806749709677192e-12,1.934179865056197e-15,5.386149750011567e-10,1.7883189384925034e-14,2.7738610424284125e-07,2.9122715004351814e-10,7.073689137660054e-05,1.3436968898408233e-06
114,9.484433389169409e-13,1.9144436387493097e-15,4.5747795776017943e-10,1.4036446051700589e-14,2.4771946074476266e-07,2.469410164936339e-10,6.634431627484106e-05,1.2213425494677667e-06
115,7.628737598651478e-13,1.9157529348343213e-15,3.861382439333922e-10,1.1138819206258837e-14,2.2193048992488952e-07,2.0925145357852568e-10,6.221421339340186e-05,1.109966356342843e-06
116,6.134248443819436e-13,1.8800325875825514e-15,3.2787524281373364e-10,8.878620741934828e-15,1.9882753582189692e-07,1.7722891906426945e-10,5.832862795796917e-05,1.0095806499573874e-06
117,4.916701530741218e-13,1.8959046886090582e-15,2.7872749400029555e-10,7.146086090234889e-15,1.7792368071747026e-07,1.5026580896356832e-10,5.471588485149006e-05,9.178650778812717e-07
118,3.949777081661811e-13,1.94923159000125e-15,2.3606072590396663e-10,5.890202615289667e-15,1.5924620042966589e-07,1.273989208739468e-10,5.1340712887241073e-05,8.348542821845492e-07
119,3.17466663743478e-13,1.8921107246898362e-15,2.0010654278679892e-10,4.935577644980057e-15,1.4265844993833232e-07,1.0803477978570716e-10,4.815380733745384e-05,7.588395018180304e-07
120,2.5590337992688496e-13,1.9214887701440766e-15,1.7029736771429903e-10,4.124749600352581e-15,1.2778646862752492e-07,9.167485796363588e-11,4.5141197819371724e-05,6.899255106474769e-07
121,2.0469997052630696e-13,1.9384940497273765e-15,1.444822671875678e-10,3.564344879229516e-15,1.1440025865450192e-07,7.767726457058846e-11,4.2357376501101354e-05,6.276001029697075e-07
122,1.6524383240717761e-13,1.94971036848846e-15,1.2223857398901463e-10,3.2727430288105617e-15,1.0254487039786334e-07,6.586217008902843e-11,3.9703399478042696e-05,5.706972818318529e-07
123,1.3248535324238868e-13,1.8801825769285614e-15,1.037908084101893e-10,2.9483003053555666e-15,9.169621201041382e-08,5.594445617694823e-11,3.727811387592732e-05,5.190496252182326e-07
124,1.0612945576686561e-13,1.9664263692238655e-15,8.784723590517813e-11,2.7696936117612215e-15,8.209109765458882e-08,4.747062646071346e-11,3.4966890808137735e-05,4.7184409106527144e-07
125,8.519685464496805e-14,1.9148038344535868e-15,7.449938121241181e-11,2.5983340849031754e-15,7.346024303559739e-08,4.0280230398044014e-11,3.279249252301829e-05,4.2928452889518376e-07
126,6.833603405231066e-14,1.895350126779123e-15,6.330581317629992e-11,2.563309317358941e-15,6.587935435809823e-08,3.4145927024536524e-11,3.0737624494082634e-05,3.9066810463259205e-07
127,5.4885514271064396e-14,1.8799854856883825e-15,5.3818665548454705e-11,2.4933831162702725e-15,5.893033887330111e-08,2.8965835665619884e-11,2.8849406455882983e-05,3.5557638573154586e-07
128,4.418470972225845e-14,1.8948213500084125e-15,4.579878625170394e-11,2.3712494526087395e-15,5.293837614540165e-08,2.460062912783586e-11,2.7075366800237964e-05,3.2341037469761516e-07
129,3.5505841678041835e-14,1.8845900456874052e-15,3.886744606734864e-11,2.3001132243660572e-15,4.747573793401955e-08,2.088973596133354e-11,2.5402985011022927e-05,2.943288003859162e-07
130,2.8584161372499544e-14,1.873538083904845e-15,3.3087373878824065e-11,2.3202452885057916e-15,4.251950229337692e-08,1.7747870814526463e-11,2.383524510147693e-05,2.677372467621081e-07
131,2.3065746224366142e-14,1.8508602949685673e-15,2.8062946415175277e-11,2.248323293560526e-15,3.8030660686878375e-08,1.506364752684536e-11,2.2385206985717482e-05,2.4353170459865546e-07
132,1.8604124999594055e-14,1.8760199129496023e-15,2.384912314191193e-11,2.2157350933642635e-15,3.39349376328824e-08,1.2804435054806777e-11,2.1015532795919066e-05,2.2152563043228e-07
133,1.512700471518485e-14,1.8759609253083606e-15,2.0238137240828385e-11,2.2618609828452188e-15,3.033200978088646e-08,1.0855679971068364e-11,1.9720924554602644e-05,2.0152528971591973e-07
134,1.2332007857388264e-14,1.902349158087899e-15,1.717219499734232e-11,2.298717914141918e-15,2.7214146833464513e-08,9.237915356975146e-12,1.8515122430218837e-05,1.8341562434697613e-07
135,1.0014061985121046e-14,1.9383517390560424e-15,1.4532654013005288e-11,2.263612087941904e-15,2.4374454136295826e-08,7.85262053799611e-12,1.7380594730148253e-05,1.6693405253214123e-07
136,8.273523023825252e-15,1.8802240595399108e-15,1.2337826204517681e-11,2.2710491220003066e-15,2.1823985634782954e-08,6.669295647204599e-12,1.631630614510402e-05,1.5197909527001276e-07
137,6.88469018542002e-15,1.7754091815957932e-15,1.0455542193275374e-11,2.2504630929830193e-15,1.956710486921071e-08,5.66021692327615e-12,1.5321107868490264e-05,1.382750818355307e-07
138,5.82224992238868e-15,1.798257996901022e-15,8.868341180916161e-12,2.208140486619706e-15,1.753182768222709e-08,4.809046436923371e-12,1.4378903495722435e-05,1.2590761130762014e-07
139,4.96209265994456e-15,1.930286218944822e-15,7.525805144220028e-12,2.1464616845660293e-15,1.5699434206494403e-08,4.094135813252238e-12,1.3511493870857357e-05,1.1462076935966766e-07
140,4.266517788820602e-15,1.9196705022105036e-15,6.376738385902226e-12,2.2174031601358986e-15,1.4063714419080962e-08,3.477616914282837e-12,1.2692209716091067e-05,1.043345791632713e-07
141,3.784835386070445e-15,1.9276511145630167e-15,5.4187728128287336e-12,2.235109566891106e-15,1.2613993064449202e-08,2.958768690326165e-12,1.1913757743249583e-05,9.500665402836729e-08
142,3.263682155429246e-15,1.929679410093078e-15,4.597904864770331e-12,2.2544149499894275e-15,1.1325319437434864e-08,2.514680210805482e-12,1.11884508191263e-05,8.648543064018894e-08
143,2.969620007543323e-15,1.8832455247510813e-15,3.89632676642857e-12,2.24720104326701e-15,1.0170563266917277e-08,2.1361162739269543e-12,1.0505617921046188e-05,7.874235165005468e-08
144,2.7473216792031913e-15,1.856215551584102e-15,3.316755833445934e-12,2.3028085733010333e-15,9.131335078983743e-09,1.8151394657676966e-12,9.866011938514528e-06,7.170631624946664e-08
145,2.630503539437488e-15,1.8821737088489996e-15,2.8160665558382357e-12,2.2710029616063266e-15,8.209938011274942e-09,1.5412105117783842e-12,9.270466368922463e-06,6.52845251207891e-08
146,2.536015574499802e-15,1.9120063744770747e-15,2.3934166667667634e-12,2.2908892386346563e-15,7.380500362602819e-09,1.310084386598869e-12,8.700584885824575e-06,5.945255182073346e-08
147,2.486386296361305e-15,1.9029594589924362e-15,2.031887639124159e-12,2.1919646297077848e-15,6.634013529427428e-09,1.112216171828709e-12,8.171961124563372e-06,5.4127925950446187e-08
148,2.3930382329478575e-15,1.8864061005777828e-15,1.7240380819675134e-12,2.2710215892497e-15,5.961392694105695e-09,9.440086385593009e-13,7.67845690807177e-06,4.9274897038826475e-08
149,2.3365485244182505e-15,1.9303714768130627e-15,1.4655364954427458e-12,2.2560476989635607e-15,5.339243858527734e-09,8.028663805297656e-13,7.2186096495994575e-06,4.4869383696518544e-08
150,2.3105424658815057e-15,1.92699874277984e-15,1.2445170430986968e-12,2.2952147001893014e-15,4.790346423301045e-09,6.826700799730853e-13,6.778163316394148e-06,4.08747056631494e-08
151,2.3310543413082843e-15,1.9370407027742592e-15,1.0575314335461723e-12,2.233441966988265e-15,4.291553520679163e-09,5.811040652637891e-13,6.364507686298819e-06,3.722070027986452e-08
152,2.300323692839029e-15,1.9383992306273494e-15,8.990097894909199e-13,2.195144595456683e-15,3.859529956353488e-09,4.94219289979981e-13,5.980910216025976e-06,3.390906809614619e-08
153,2.3582146432302324e-15,1.9034823081768303e-15,7.656369079559877e-13,2.256889039370116e-15,3.4522548371239567e-09,4.2051237244415105e-13,5.619751011635769e-06,3.089041576450178e-08
154,2.393632472455056e-15,1.935477993895021e-15,6.516003433126145e-13,2.249750041236177e-15,3.100970224653482e-09,3.576177518891742e-13,5.282617529749323e-06,2.8132036232324807e-08
155,2.2986184091210636e-15,1.89601928799437e-15,5.548355314399802e-13,2.2617452688204674e-15,2.779086846863249e-09,3.04132489904369e-13,4.961530937939322e-06,2.562409099868079e-08
156,2.249639831608411e-15,1.9441837069159685e-15,4.729064328907421e-13,2.216986551682793e-15,2.492873075134604e-09,2.58477326047707e-13,4.664796617468929e-06,2.3342083104810942e-08
157,2.2479217532404707e-15,1.9839968565418543e-15,4.0203087427020835e-13,2.1993631841220275e-15,2.2353589926383363e-09,2.1978457786070622e-13,4.38545269472898e-06,2.1254670603680148e-08
158,2.27718020020803e-15,1.912740045957647e-15,3.4118433911991716e-13,2.1960393760662565e-15,2.003963886318018e-09,1.8747329757205604e-13,4.123064129982947e-06,1.9361427316810506e-08
159,2.252328267499363e-15,1.885180901543058e-15,2.9031493385063274e-13,2.2519393564681547e-15,1.79476919853736e-09,1.5948899421454783e-13,3.874008188204132e-06,1.7649421909162238e-08
160,2.196935339549238e-15,1.915772911040642e-15,2.4632055461911136e-13,2.2185987459572236e-15,1.6086197341273248e-09,1.3587000834439052e-13,3.6370412182751247e-06,1.6075122461289884e-08
161,2.2497324895508517e-15,1.932909872628288e-15,2.092972044977458e-13,2.197502389979075e-15,1.4462000814829059e-09,1.1556318391095035e-13,3.41732452114232e-06,1.465038593209981e-08
162,2.2407310721001724e-15,2.021053696500093e-15,1.782045786963888e-13,2.1933780883671842e-15,1.2978829618799636e-09,9.844781618201037e-14,3.213553495260297e-06,1.3345276861666363e-08
163,2.2304754826390793e-15,2.019839289915081e-15,1.5226891991119045e-13,2.1991305251404715e-15,1.1652868449793533e-09,8.38909684609225e-14,3.019369650990243e-06,1.215891408906191e-08
164,2.1922649482291186e-15,1.9865741475109335e-15,1.300259057954665e-13,2.1617151218428635e-15,1.04506195735915e-09,7.14698657163077e-14,2.840145784541502e-06,1.1089025567604508e-08
165,2.1649812074475125e-15,1.9636655726772332e-15,1.1042282712620527e-13,2.1527108533872686e-15,9.393955826926746e-10,6.078772443660545e-14,2.667963957061459e-06,1.010626857978613e-08
166,2.2304971094249287e-15,1.9155274514659992e-15,9.395370750010276e-14,2.1660411460170754e-15,8.426529813480397e-10,5.1693451819628426e-14,2.505752137251554e-06,9.213975761403395e-09
167,2.262261038784358e-15,1.960029845732904e-15,7.974334151534322e-14,2.251330521004606e-15,7.559824038618441e-10,4.409313026034799e-14,2.356940957834493e-06,8.40065096554055e-09
168,2.3104866796632905e-15,1.988136137844125e-15,6.76655139834791e-14,2.1859075094220305e-15,6.795687224307754e-10,3.762752480088038e-14,2.216808905622037e-06,7.65927883842485e-09
169,2.3433841082240204e-15,1.9084720102740614e-15,5.764005040857724e-14,2.1754014867928757e-15,6.11279525121129e-10,3.216125171682145e-14,2.084642736896984e-06,6.9771357745156445e-09
170,2.3062557863993948e-15,1.8869030040528524e-15,4.900109662289691e-14,2.215477007845952e-15,5.475750754753944e-10,2.759600339646844e-14,1.9593067056574455e-06,6.3590575643132465e-09
171,2.359856639769345e-15,1.9008010898028667e-15,4.1650519584489296e-14,2.1759515262520784e-15,4.92367859390074e-10,2.3641550565008935e-14,1.8424671238920102e-06,5.796417025557798e-09
172,2.4181230480709706e-15,1.9341379860832254e-15,3.560876295162029e-14,2.2386994715208177e-15,4.428548577346211e-10,2.0358885973002696e-14,1.733870550622902e-06,5.283877304327026e-09
173,2.445522900406856e-15,1.88654391905762e-15,3.034276359273951e-14,2.284675609555776e-15,3.989212204827324e-10,1.754583763394953e-14,1.6308102871798959e-06,4.814381674370774e-09
174,2.4468292071231463e-15,1.8538298703987806e-15,2.596071404973054e-14,2.2172776911972148e-15,3.5834375848893275e-10,1.5190183895009743e-14,1.5318877729786223e-06,4.388011201991299e-09
175,2.3839439247721414e-15,1.859635103165257e-15,2.215131839447861e-14,2.15399334409008e-15,3.2191578611324035e-10,1.3167176574018067e-14,1.4411168078468268e-06,4.00169674279961e-09
176,2.4168778244972534e-15,1.8370984435113103e-15,1.9059018155339533e-14,2.2429570489371793e-15,2.889333792752828e-10,1.1468790137665075e-14,1.355264294492617e-06,3.647968771314027e-09
177,2.42409881107774e-15,1.8556019554933813e-15,1.6366996988392235e-14,2.2122977092570888e-15,2.5917441055646466e-10,1.0016517738553384e-14,1.274913164561168e-06,3.3264372801449074e-09
178,2.41448868826996e-15,1.9023313955209504e-15,1.4133664379924364e-14,2.1750798779575128e-15,2.3330119201399137e-10,8.836171165945875e-15,1.199148657190471e-06,3.034357744387631e-09
179,2.338471918492157e-15,1.953460379176625e-15,1.2230373147418847e-14,2.14061046868538e-15,2.0966797973992403e-10,7.819071902201701e-15,1.1275365727719006e-06,2.7669788400429858e-09
180,2.4248333778678433e-15,1.941203462941923e-15,1.0656650999065404e-14,2.145081967441367e-15,1.8856836152072313e-10,6.9955677671189615e-15,1.060436216784018e-06,2.5235330760160074e-09
181,2.5110425728507345e-15,1.8633333630823754e-15,9.293654274812628e-15,2.135207884343067e-15,1.6953335082451121e-10,6.302694649404775e-15,9.97081472312809e-07,2.3005060438917695e-09
182,2.3690063591664423e-15,1.8382467863754315e-15,8.127825391217535e-15,2.287793104239473e-15,1.5228354297523295e-10,5.704081272043451e-15,9.375724896255718e-07,2.097120592184013e-09
183,2.383377260805169e-15,1.892417232521997e-15,7.167957364032215e-15,2.174063419835167e-15,1.3641670422234278e-10,5.17360765371424e-15,8.817903571114145e-07,1.9123707454876523e-09
184,2.422919998087028e-15,1.991017115965734e-15,6.369122657173623e-15,2.2186575559835814e-15,1.2265715016032822e-10,4.775872642080519e-15,8.294986092613457e-07,1.742916093933823e-09
185,2.50856076224819e-15,1.962332154584157e-15,5.704034009498085e-15,2.2845908625974844e-15,1.104298076265103e-10,4.359286718472742e-15,7.812480955338139e-07,1.5890851575174454e-09
186,2.484395196725133e-15,1.9770103877566595e-15,5.115645897147492e-15,2.24695403258828e-15,9.918617664413976e-11,4.0772429890049366e-15,7.346187532179746e-07,1.449797720303358e-09
187,2.471292791169725e-15,1.9096970809031223e-15,4.653055811776267e-15,2.156000207652837e-15,8.901661700372788e-11,3.825833716556789e-15,6.911615833701574e-07,1.3219387417716615e-09
188,2.425580112025371e-15,2.0083542047131588e-15,4.289711354084103e-15,2.1268000822212005e-15,8.007243583290591e-11,3.600419166258728e-15,6.501847295544124e-07,1.2057922248725194e-09
189,2.43874738802078e-15,1.9835194246623143e-15,3.975408640158896e-15,2.1812110856286156e-15,7.182732476124206e-11,3.4020668458121156e-15,6.122233238724302e-07,1.0999712412885321e-09
190,2.4367750491327037e-15,1.9167451293984146e-15,3.765533023669379e-15,2.2265279370855067e-15,6.460760391704117e-11,3.2201453396768768e-15,5.757981160219581e-07,1.0033000523068904e-09
191,2.3487647115749914e-15,1.986586608251676e-15,3.585969176876408e-15,2.248436117122413e-15,5.783601664388112e-11,3.120493760841096e-15,5.418905851482509e-07,9.154690157521151e-10
192,2.4089263540218414e-15,1.892577383686891e-15,3.360056882407131e-15,2.2067933472445687e-15,5.188865176297248e-11,3.0448930295256677e-15,5.102435342161346e-07,8.355031254473005e-10
193,2.3691763224244293e-15,1.8812079323876844e-15,3.2221221493057507e-15,2.2760903715593565e-15,4.656341558513179e-11,2.9640191995536342e-15,4.794177614520411e-07,7.62004837598627e-10
194,2.414068152677115e-15,1.9570964680133406e-15,3.1062521240714937e-15,2.187482330142487e-15,4.182074088317793e-11,2.9268498459334385e-15,4.5088893207650727e-07,6.951894981896518e-10
195,2.292737109347384e-15,1.9135861805890688e-15,3.0271775053018214e-15,2.2084782760470593e-15,3.7560824831645476e-11,2.8706305061023296e-15,4.2398835933377487e-07,6.343563138020403e-10
196,2.3993662863732168e-15,1.9146650138605383e-15,2.9887789882792942e-15,2.1909671555844484e-15,3.383222599992714e-11,2.7675982390425897e-15,3.9897585318483104e-07,5.788348867370967e-10
197,2.421194275449541e-15,1.9474990553839587e-15,2.9518837233645753e-15,2.2637235720813087e-15,3.0381955229165956e-11,2.7528753821713865e-15,3.7572027627021005e-07,5.278548193357704e-10
198,2.3889205090375527e-15,2.0160180318048115e-15,2.9313451184403994e-15,2.25035375264979e-15,2.7302174026346336e-11,2.733257160025436e-15,3.534962463143231e-07,4.812943299583717e-10
199,2.326947520116983e-15,1.992618642671177e-15,2.956373363003252e-15,2.1497831949869272e-15,2.457461638042283e-11,2.6059659049369065e-15,3.325789601633997e-07,4.392525043967832e-10
200,2.2654585421866197e-15,1.9963101118466736e-15,2.8928832362213097e-15,2.2538615936519188e-15,2.2136688456131493e-11,2.5912678550847166e-15,3.129730294052126e-07,4.009302790492659e-10
201,2.2848884863319867e-15,1.9506405476535577e-15,2.9294231238795765e-15,2.272683123880315e-15,1.9899226682380287e-11,2.5648555409565905e-15,2.940573596185515e-07,3.658961942239108e-10
202,2.3049212413288304e-15,1.965879583965891e-15,2.826286207777183e-15,2.255124553331429e-15,1.7853867032152095e-11,2.5436210322449395e-15,2.766770236393543e-07,3.3377477842987887e-10
203,2.3173395706000194e-15,1.891598065707783e-15,2.772815107253133e-15,2.2166669609009288e-15,1.6055387947719246e-11,2.5423551548377513e-15,2.6043250027728034e-07,3.044961210739911e-10
204,2.305734815264444e-15,1.9313080642622575e-15,2.7522340743274837e-15,2.255191251213706e-15,1.4447198270912219e-11,2.5363262395291477e-15,2.45312323438167e-07,2.7786958655392605e-10
205,2.322232461369953e-15,1.895185097534583e-15,2.7330127959462025e-15,2.2650618913056715e-15,1.2934868691253644e-11,2.573287222885883e-15,2.3075074190365746e-07,2.53489641785833e-10
206,2.3360042242615762e-15,1.914517707650771e-15,2.7029927280446722e-15,2.1843914857382867e-15,1.163504880497456e-11,2.5422487864770084e-15,2.1710392301074381e-07,2.3132845108238017e-10
207,2.4759738507969704e-15,1.966467250663277e-15,2.7934689493727875e-15,2.1577917416088017e-15,1.0464472241690491e-11,2.5083231600554707e-15,2.04421929024265e-07,2.1109351759238695e-10
208,2.4785236357602355e-15,1.876984011471709e-15,2.774491737156638e-15,2.130786033393539e-15,9.380079714620942e-12,2.5103822549654096e-15,1.9234631064023079e-07,1.9264086004990675e-10
209,2.3859661417784983e-15,1.956239328870798e-15,2.7053411644479532e-15,2.2385804585722723e-15,8.418687033330194e-12,2.5430268282329216e-15,1.810448404336763e-07,1.7582981960961521e-10
210,2.3225215390988856e-15,1.9463220396344538e-15,2.68079754951669e-15,2.149653936712677e-15,7.573217603726105e-12,2.530282650329042e-15,1.7041456097779877e-07,1.6049519112942542e-10
211,2.37383599849918e-15,1.9013635516402567e-15,2.6849288965446202e-15,2.1825888888059e-15,6.80268490663113e-12,2.526084088434095e-15,1.6034678596666014e-07,1.4645866506854448e-10
212,2.29116965635068e-15,1.918208132607159e-15,2.662488676225896e-15,2.1331210418542594e-15,6.107577934885073e-12,2.5746913093045396e-15,1.5093404978339482e-07,1.3360836899373222e-10
213,2.2955011693214058e-15,1.9427977067598074e-15,2.7265410572459423e-15,2.117442741907564e-15,5.498432329824006e-12,2.5398724865478263e-15,1.4231909095405278e-07,1.220012217113242e-10
214,2.3114146992602234e-15,1.943951101374364e-15,2.7300946150472907e-15,2.2147804634223227e-15,4.956684131127343e-12,2.5002395186821687e-15,1.3406482353526555e-07,1.113174942193221e-10
215,2.3296320553624342e-15,1.8959835613256203e-15,2.681702310824244e-15,2.2221984968528915e-15,4.4414203569964686e-12,2.54208144060026e-15,1.260239320243149e-07,1.0159737099859743e-10
216,2.3855591816507437e-15,1.8376835660517575e-15,2.628804168762607e-15,2.261410786059718e-15,3.997096276599711e-12,2.558544837572075e-15,1.1861560853978322e-07,9.274455149667806e-11
217,2.3234448641996593e-15,1.959017552235272e-15,2.6190908294181196e-15,2.159067968892519e-15,3.5948509888459993e-12,2.634557254463202e-15,1.1168323392250651e-07,8.460270639362168e-11
218,2.3074804264845235e-15,2.009148888965551e-15,2.6271430014540034e-15,2.068226752359523e-15,3.2331126158564946e-12,2.5807683347403944e-15,1.050649223935447e-07,7.723491135233339e-11
219,2.3922806087667716e-15,1.9298741601009746e-15,2.6018130364361e-15,2.1499885716413946e-15,2.914776134851573e-12,2.56175655439589e-15,9.903435009879545e-08,7.051547049924601e-11
220,2.3758447367964902e-15,1.9906411306312955e-15,2.6567643590655018e-15,2.2274178163511063e-15,2.627362818291833e-12,2.5522792339196446e-15,9.31499079596521e-08,6.436769497540819e-11
221,2.3912105901552237e-15,1.970284561321419e-15,2.7118937600361544e-15,2.265650049320504e-15,2.358559040042842e-12,2.563382489238714e-15,8.76906282397054e-08,5.876912028198549e-11
222,2.3420758193298287e-15,1.9634891654620075e-15,2.6441972141198272e-15,2.261733853963598e-15,2.1177483258754755e-12,2.6243276314275777e-15,8.250892510213288e-08,5.364783422109014e-11
223,2.3572997861549652e-15,1.989093706765878e-15,2.60285641805986e-15,2.190530408270471e-15,1.907153558768581e-12,2.641423654083852e-15,7.770455955646291e-08,4.8973880044628356e-11
224,2.3291378195418574e-15,1.97544329185199e-15,2.637557119400958e-15,2.2133578389327644e-15,1.7130809289959546e-12,2.5698538268203563e-15,7.320478395513442e-08,4.470641206710187e-11
225,2.4244466063325115e-15,1.995599562561346e-15,2.630858343561084e-15,2.2884101470209796e-15,1.5465792660530982e-12,2.578353568657491e-15,6.891720172909037e-08,4.082220423264618e-11
226,2.343109650579012e-15,2.0125944402709542e-15,2.730681468876535e-15,2.2031403788244605e-15,1.3931657877454636e-12,2.6387577879440186e-15,6.488332563353344e-08,3.727122339298069e-11
227,2.346362395465542e-15,1.947779155068657e-15,2.7320059690905056e-15,2.2284361982620963e-15,1.254717302458308e-12,2.607819351901515e-15,6.107887603845073e-08,3.4023596642157374e-11
228,2.3849157942025414e-15,1.8523211194920894e-15,2.6570839153002778e-15,2.2533020038357815e-15,1.126032453570579e-12,2.4841168381332538e-15,5.7467875991415006e-08,3.105516269668079e-11
229,2.3869589948363577e-15,1.961760198007833e-15,2.658044564505583e-15,2.291973872346046e-15,1.0111064127682459e-12,2.5319927698343765e-15,5.4162652666636544e-08,2.8347918161684785e-11
230,2.501269495784043e-15,2.0015156739459002e-15,2.6861461361605915e-15,2.284323241729474e-15,9.098581336699456e-13,2.485823154673384e-15,5.105200254419808e-08,2.5890341674464535e-11
231,2.5082715022977003e-15,1.933931628597028e-15,2.684576172998254e-15,2.2926092936938445e-15,8.16741381070433e-13,2.456730453151254e-15,4.807173094085847e-08,2.363939415510781e-11
232,2.540374250731912e-15,2.0052562909388246e-15,2.723177663862217e-15,2.2575011448000757e-15,7.330495545420451e-13,2.5358692737630524e-15,4.52563302719513e-08,2.1590949245941216e-11
233,2.5578233010302267e-15,2.0286756341775222e-15,2.69226214956186e-15,2.3057769482020443e-15,6.597004421747031e-13,2.50095104551877e-15,4.260648192180038e-08,1.970681612653889e-11
234,2.4468473472743207e-15,1.966840794092016e-15,2.7506604704806296e-15,2.2799677263440335e-15,5.927644430507305e-13,2.537777136407214e-15,4.013048542559483e-08,1.798991542434517e-11
235,2.4258017496727444e-15,2.0186970890399535e-15,2.754541309965817e-15,2.2287046460390786e-15,5.340581711135984e-13,2.565557746274461e-15,3.7791140250857915e-08,1.6422449906249067e-11
236,2.4271315099246525e-15,1.978412978995944e-15,2.803572160824606e-15,2.1805303439471936e-15,4.794168008558558e-13,2.5320789340907626e-15,3.5561029752571213e-08,1.5005456647308517e-11
237,2.4383028471028425e-15,1.9690997671993805e-15,2.714464403188263e-15,2.2094548904558227e-15,4.3135872842842606e-13,2.5575038656725054e-15,3.3481630258779355e-08,1.3703277990767637e-11
238,2.418593635025113e-15,1.928909677491526e-15,2.7411979128022245e-15,2.160861953698731e-15,3.883241447467008e-13,2.5433594243561626e-15,3.152354115540341e-08,1.25171038250552e-11
239,2.5053843282378454e-15,1.9148167713735236e-15,2.7306481034376032e-15,2.187704595501251e-15,3.4927318501421473e-13,2.573341094304075e-15,2.9649367859808657e-08,1.1427841886030242e-11
240,2.432167838435188e-15,1.8828386107209363e-15,2.7265205210202735e-15,2.1894009529033255e-15,3.1435764178689516e-13,2.573394309840118e-15,2.7955338132742404e-08,1.0436658765003796e-11
241,2.4271136557632374e-15,1.9257641174727413e-15,2.7381165393943625e-15,2.2068105077216916e-15,2.8291076232299344e-13,2.6681298163928624e-15,2.632986026451013e-08,9.532013844059514e-12
242,2.4501308640879025e-15,1.9388692944680534e-15,2.7607433745767222e-15,2.188569685181988e-15,2.543524775952329e-13,2.6530502764547975e-15,2.4773402883014565e-08,8.707326348358088e-12
243,2.3866517628851356e-15,1.8655935722682186e-15,2.738101730806494e-15,2.1998009618772497e-15,2.288988198234969e-13,2.613072892598756e-15,2.3334039193971516e-08,7.95410212522301e-12
244,2.323785274603252e-15,1.8566324838611995e-15,2.644886916664403e-15,2.2137457372151215e-15,2.056939516406835e-13,2.6642473846854306e-15,2.1979909696819032e-08,7.264506401746887e-12
245,2.3049195842825678e-15,1.853702903862373e-15,2.6048094640448314e-15,2.2324093360840846e-15,1.851096169434796e-13,2.6235074250966082e-15,2.071693217306778e-08,6.635850483609479e-12
246,2.3098646709083875e-15,1.8641508791455405e-15,2.5759577117977207e-15,2.2384821995305584e-15,1.6670557617483961e-13,2.6348335455489107e-15,1.9508159565710835e-08,6.06037084794075e-12
247,2.3200974347204222e-15,1.879870743584524e-15,2.6921788438069214e-15,2.2956987205057143e-15,1.5043143473500768e-13,2.6046931535030366e-15,1.8339291749417257e-08,5.538540035733798e-12
248,2.333235951710725e-15,1.917221395855708e-15,2.6387184048145194e-15,2.2867894865606303e-15,1.3567114428366006e-13,2.587891902974076e-15,1.7284240813883487e-08,5.0593709670427215e-12
249,2.3601058327333446e-15,1.9534178183729086e-15,2.740513189287355e-15,2.3802029721277253e-15,1.2197443395367979e-13,2.6080780099832035e-15,1.628114722147246e-08,4.623120544581975e-12
