,kziht8,kziht_rr8,kziht9,kziht_rr9,kziht10,kziht_rr10
0,0.7320695652679355,0.6145705580076491,0.7522664350101078,0.6595690611559302,0.7669103462610225,0.686315846757268
1,0.5945531396132883,0.4695138447046946,0.6321476316153608,0.5325339545386337,0.6619656287206281,0.5833227295369096
2,0.5040724168053137,0.3910316657876889,0.5643159191827489,0.47042848655872155,0.6047832628794365,0.5417178408212783
3,0.44082145283575613,0.3382947778066849,0.5186358046121344,0.43188927856590587,0.5721027907102049,0.5196163329455933
4,0.3925653171420367,0.29808219956625237,0.4836446199563202,0.40392014125037495,0.5480866101620301,0.5064000535133232
5,0.3552649716139368,0.26610649458331653,0.45723561460584194,0.382136304343815,0.5332866848064379,0.4971622861108299
6,0.3255123435882091,0.23993299428293727,0.43577946197441086,0.3646929280701468,0.5212828333335342,0.4904887922089533
7,0.30061399115070064,0.21802854366267477,0.4179147734949524,0.3500412460449527,0.512706014720159,0.48552127910585163
8,0.2789006616354899,0.19937796234570546,0.4031312232921872,0.3376107476553322,0.5058451047696969,0.48157829841217215
9,0.2601756153317516,0.18305195643956693,0.3900173992383812,0.326604877267327,0.5004589718882162,0.47841081727949114
10,0.2440398680343953,0.16890609029975392,0.37887967530535144,0.31702469851599446,0.495952347967726,0.4758299213323777
11,0.2293535391265454,0.1565206164207948,0.368629790830751,0.3084591520663286,0.4921346382438436,0.47364650728110114
12,0.2162637809684714,0.14543173220208555,0.3595814935853324,0.30063879960674056,0.4888224929690349,0.4718661910612858
13,0.204496857161537,0.1353446087179304,0.35146267033872813,0.29355434879420256,0.4859756135442531,0.4703328173812397
14,0.1936462957150879,0.12631228763909214,0.3438566110861159,0.28710908341577135,0.48350167676128813,0.4690150334553582
15,0.18418346496047067,0.11820853807224538,0.3371547240564191,0.2810682338816045,0.4812360409731207,0.4679215566835146
16,0.17521261835863974,0.11070286095825588,0.3304961209148501,0.2754711535755515,0.479380181030219,0.4669814127184516
17,0.1666584545819115,0.10385474768250151,0.32430357859454007,0.2702246029158079,0.4776941796649602,0.46614757431452497
18,0.15864014227974074,0.0975607138431707,0.3184784772328136,0.26537096314907666,0.47616321382003823,0.46542837976306284
19,0.1512659609108635,0.09176963869672904,0.31298880973673215,0.26074408861718545,0.47481582223903,0.46478990379009605
20,0.1444299631665203,0.08644513268149144,0.3083739761815113,0.25639080222577765,0.47362819281307517,0.4642220055268401
21,0.13790772172289673,0.08150687535822135,0.30355782775961215,0.25230080383193676,0.47256416152781133,0.46371778314447154
22,0.13198058370034077,0.07691830468886504,0.2990880189442478,0.2483825527509384,0.4715932831295616,0.46326520167026264
23,0.1265698229831517,0.07270075205290207,0.29489051957083573,0.24474925246180151,0.47068826523518936,0.4628717723762744
24,0.12149496641076177,0.06870797054590468,0.2907440552560231,0.24122466515866559,0.4699293680779354,0.462519661813813
25,0.11657163302724076,0.0650299204328748,0.28700433090565947,0.23784662395870462,0.4691621243920732,0.4622046622986099
26,0.11190818207026776,0.06158278993962953,0.28345706104597046,0.23462746727781392,0.4684930147541424,0.4619170806480547
27,0.10751600195440854,0.058326902541116776,0.2801627344968901,0.23160091102689878,0.467859120567618,0.4616657329564319
28,0.10347560699296873,0.055296988262843697,0.27681415223574923,0.22867678145181586,0.46728386284435974,0.4614335849428686
29,0.09956634073202503,0.05243640377524307,0.27372913542538313,0.22584767977124387,0.46675842713931337,0.46122464260112556
30,0.09566873676622123,0.04976980941015421,0.27064021888878637,0.22311581994241642,0.4662924716451631,0.4610356774836314
31,0.09209917383434169,0.04724768527626033,0.26776229428171117,0.22050483256541376,0.4658502912210519,0.46086624342877636
32,0.0885949097078854,0.044900017998666046,0.26503158290143813,0.2179956421856773,0.4654478038310349,0.46070897709171704
33,0.08540288011373118,0.04265565875643975,0.262353403368234,0.2155032954961961,0.4650841389367993,0.46056843306413225
34,0.08232123330823807,0.04055513549744362,0.25971867031009593,0.21312261506406335,0.46472267893040653,0.46043937061941637
35,0.07919774457298659,0.038551114227149366,0.25718977094437845,0.21083679693245538,0.46438089985996933,0.46032088663550114
36,0.07637654451091253,0.03666014155014466,0.25473172040113656,0.20864057350042114,0.46406326438364703,0.4602110520561714
37,0.07356181288582006,0.034879895562969006,0.25244144094119164,0.20648124509894136,0.4637760318081431,0.46011134057660535
38,0.07089138984599633,0.033213674517170846,0.2501185537482759,0.20443015121096667,0.4635004080695331,0.46002075365578293
39,0.06840792439294194,0.03165842820843319,0.2480228144718381,0.20241971283823515,0.4632469141065024,0.4599373728912644
40,0.06607570571062614,0.030150983242120365,0.24594558771008593,0.20042771228964124,0.4630117190971932,0.4598618170879509
41,0.06364258076396204,0.02872361796662798,0.24384868718222186,0.19850882694253202,0.4627915098819281,0.45979196670822003
42,0.061486710567303905,0.02737797712935635,0.24176035654817968,0.19663869971982623,0.4625887609110933,0.4597266184234782
43,0.059375158161700116,0.02611635159959865,0.23976450095863341,0.19482039350350694,0.46238299741635946,0.45966806683478173
44,0.057342597981565366,0.024915369749743725,0.23783063273138239,0.19305387178093636,0.46220408775987,0.4596122437714709
45,0.055401268012811776,0.02375740892192922,0.23592935056997794,0.19133154213459638,0.46203361322298314,0.4595610960637333
46,0.05353393234287725,0.022670906682176854,0.2340617157837773,0.18966473372099402,0.461874782753695,0.45951410732943554
47,0.051809877822314276,0.021636045580001022,0.23233410494043866,0.18802224375996857,0.4617281411174365,0.4594704590869794
48,0.05006170021530224,0.020657739761087805,0.23057594191778516,0.186439874006723,0.4615879557367825,0.4594300114056257
49,0.048433512067895416,0.019734606114261394,0.22891181830170731,0.18488380802477333,0.4614512850741422,0.45939264362848115
50,0.046870018489001394,0.018859055976779594,0.22721567628419156,0.18334607012115542,0.4613178215072799,0.4593578832454255
51,0.04531633850359346,0.018018850399075005,0.22558650624049909,0.18185558290926948,0.4611979694283178,0.4593254055594496
52,0.04388686421064252,0.017223880232883907,0.22399869338371686,0.18038201742256146,0.4610826621165531,0.45929588671824206
53,0.042471602626360246,0.016458766504880533,0.22248358559032994,0.17894923535706958,0.46097645840256807,0.45926867617190076
54,0.04105973240882542,0.01572609648079381,0.22093512083082278,0.17754883983256925,0.46087482066284313,0.45924343900993386
55,0.039788017861651724,0.015032100668505952,0.21943061568479566,0.17617229169092347,0.4607847279903538,0.459219555543115
56,0.0385096112784846,0.014373827638887319,0.21798831694754056,0.1748270952416729,0.4606939976596993,0.45919774913010725
57,0.03731663830364553,0.013749377425421348,0.21656900096607173,0.17350455568255113,0.4606095363606365,0.45917736976665785
58,0.036144029864579215,0.01315108589703542,0.21518956040612877,0.17222969658813567,0.46053100816251896,0.45915859334542286
59,0.034990719732316364,0.012580971055910268,0.2138292147052298,0.17096592598508237,0.46045389361783895,0.45914079977282835
60,0.03392787828670178,0.012038827017307931,0.21250935540342075,0.1697191151252686,0.4603801672147288,0.45912441266771803
61,0.032879302463940795,0.01152581988321661,0.21118433068594022,0.16851561389649855,0.4603063775830458,0.45910931203333316
62,0.031883233647649334,0.01102970317634765,0.20990225546490882,0.16729973693137137,0.4602435351975263,0.4590950765386233
63,0.030888964670599383,0.010560558650353052,0.20865833412795243,0.16611144363063834,0.46018220265574855,0.4590820059366556
64,0.02996033094215935,0.010107330418063063,0.20740315408425766,0.16494648209645252,0.4601248323972623,0.4590697503059776
65,0.02906951238042981,0.00967837952165342,0.20620995789640834,0.16382151093035555,0.4600702685157251,0.45905838367191343
66,0.028190188805452217,0.00927010642862015,0.2049578606947346,0.16272932486026734,0.46001768310915586,0.45904754062147335
67,0.02734967613600195,0.008880404449953963,0.2038104649438936,0.16163556062114165,0.45996690323707384,0.4590377763387255
68,0.026495158774780286,0.008505200981029947,0.20267733110517705,0.16057556931668393,0.45991878633064626,0.459028413184787
69,0.02571888694893499,0.008150117189949511,0.2015610477176734,0.1595271435738022,0.45987202150318807,0.45901966152523543
70,0.02493878195021119,0.0078071979236008756,0.20042914957305227,0.15848059858882133,0.45983072265465247,0.4590113650425526
71,0.024201091152642403,0.007484053506114098,0.19931227856410913,0.15746553309288133,0.4597892829096156,0.45900383118131927
72,0.02345563348919606,0.00717542182326539,0.1982573118698721,0.1564618094625263,0.4597510568390567,0.4589967604540517
73,0.022742901492008964,0.006879767828765815,0.19718449577586877,0.15546796909931535,0.45971315471869456,0.45899008243765804
74,0.022066702315934737,0.006593974999443988,0.19617188368928765,0.15450505059818276,0.4596775061545454,0.4589838846803083
75,0.021413597790843144,0.006322787276583782,0.19514892868976674,0.15355002503039833,0.4596429375872087,0.45897816807994596
76,0.020799918848676956,0.006063871105166962,0.19412829513996116,0.15260961781671445,0.45961078516399445,0.4589727884192917
77,0.020180598914842873,0.005816202157481973,0.19309964614362002,0.15167798383704928,0.4595821235525362,0.45896766507155534
78,0.01958741009558273,0.005579401610696463,0.1920837675391008,0.15075897190925586,0.45955236931252125,0.4589628511828323
79,0.01899911026091744,0.005351035213196754,0.1910922092771348,0.14985120816955494,0.4595236423693104,0.4589584623663474
80,0.01843941488038228,0.005133223830246884,0.19014911297887943,0.14896189623885164,0.459498914368117,0.45895427727145577
81,0.017908339504154693,0.004924174631318364,0.18921158067809127,0.1480887056750972,0.4594738794236015,0.45895040274423354
82,0.017393086342306557,0.004725362463541277,0.18828387756544324,0.14722876968067827,0.45944947413431986,0.45894679418132345
83,0.01688112675976554,0.004534166769203889,0.18737265935932,0.14638113969321565,0.4594259319958362,0.4589433886370247
84,0.0163932310880554,0.00435112010111908,0.1864704067224155,0.14552638733393858,0.4594042643602857,0.45894018189069524
85,0.01592038855022502,0.004178461783766951,0.185583362759356,0.14471427183326183,0.4593823643656877,0.4589371678060997
86,0.015460509295389993,0.00400779431734779,0.18467077661712783,0.14390410613593804,0.4593630441843228,0.4589343897664846
87,0.015023522028639744,0.0038473844109802903,0.18377850162235349,0.1431017266867695,0.4593424617709115,0.4589317090769468
88,0.01460505147823884,0.0036922122088003497,0.18289348857348015,0.14231098615509277,0.45932387724264706,0.45892923094014015
89,0.014183640934362095,0.0035450837903514693,0.1820456964012871,0.14153744581373034,0.4593059696565717,0.45892689032525613
90,0.0137938500227533,0.003404224239783437,0.18121397465675892,0.14076883396724454,0.45928941594074074,0.45892468399486364
91,0.013399923260805588,0.0032689626433728947,0.1803758754156115,0.1400154893768929,0.4592730480901146,0.4589226565761738
92,0.013009193807584368,0.0031389625012337107,0.17957291794240232,0.13926356467544887,0.4592581835261108,0.458920729903235
93,0.012649488322247665,0.0030147130722792204,0.1787621553645861,0.13852830735415658,0.4592437563657336,0.45891891626227926
94,0.012289080196893527,0.0028962233558758777,0.17796298931483673,0.13779711672038997,0.45923037349765483,0.4589172481867183
95,0.011935972943184736,0.0027817584449000674,0.17715492536915906,0.13707657556395508,0.45921697002743106,0.45891566063865674
96,0.011603880468388686,0.0026725316679569607,0.17635288305566796,0.13636734970363434,0.459204137705158,0.45891417447366667
97,0.011278085249397813,0.0025682492605493953,0.17557915066094157,0.13566787021216498,0.45919134873576783,0.4589127639350906
98,0.010959086918008244,0.0024680724579562423,0.17479096542787823,0.13497775625282846,0.4591794330163904,0.45891143504849313
99,0.010646642441447442,0.0023716302064381574,0.17403076887435276,0.1342975431601934,0.45916797124579417,0.45891017937516193
100,0.01035871604404925,0.0022787168700801994,0.17326689856635474,0.13362235297134895,0.4591574411016965,0.45890901088791336
101,0.010064364124217014,0.002189947432012089,0.17255671989684268,0.1329528236797526,0.4591464491227793,0.45890792004022246
102,0.009792835455020148,0.0021050153602130894,0.17181062784631868,0.13229680987489964,0.45913668495337256,0.45890687431284627
103,0.009522562397012999,0.0020241287262640767,0.17109478701552533,0.13163139078834815,0.45912753674487466,0.45890591249771895
104,0.009266286011232335,0.0019453952602889613,0.17039544509646806,0.13098552819708315,0.45911839860349585,0.45890500751668
105,0.009008820916537272,0.0018702785365472974,0.1696677352241811,0.13036129327673868,0.4591093981146902,0.45890416442046167
106,0.008764344572560302,0.0017988324226248507,0.1689783851269183,0.12973076215925955,0.4591011864639821,0.45890335514160796
107,0.008528891778521275,0.0017298456137706676,0.1683137495156129,0.12910294706574393,0.45909292623359227,0.45890259661566085
108,0.008293783990908405,0.0016634009586735915,0.1676059626584398,0.1284907342456885,0.45908514802020706,0.4589018807720026
109,0.00806750484220468,0.001598935158388421,0.16689899630501737,0.12788010820843546,0.45907784480091285,0.4589012158207062
110,0.007851568076729903,0.0015370693755366934,0.16623148147376887,0.1272826331641895,0.4590708936609885,0.45890058198374356
111,0.00764021398000016,0.001477800357412462,0.16558812817231577,0.1266936505130095,0.4590640967306469,0.4588999947763961
112,0.007435207092612232,0.0014213531758128627,0.16493816887992102,0.12610213690404729,0.45905767045817747,0.4588994286570508
113,0.007231479375392748,0.001366998645422436,0.16427675290192023,0.12551558554066045,0.45905159618872143,0.45889890652170495
114,0.007032726628824945,0.0013143850812189302,0.1636444490181,0.12494297157888998,0.45904562725499015,0.45889840205821014
115,0.006845127179926226,0.0012642288742706139,0.16301541593023688,0.12437432877018109,0.4590397642157594,0.4588979429505423
116,0.006659079425015595,0.0012164168988909982,0.16240786652385714,0.12380421226463885,0.459034207212606,0.45889750273055696
117,0.006474413416634907,0.0011701475530419472,0.16178549595684233,0.1232490729753523,0.4590287736119252,0.45889709142568014
118,0.0062994732311469044,0.0011254615265395393,0.16117832874305368,0.12269561332003882,0.4590236279926218,0.4588967111168046
119,0.006127632422181517,0.0010826774170726323,0.1605670768605739,0.12213941310321501,0.4590187120331227,0.4588963475967365
120,0.005968931712201907,0.0010419463221537663,0.15996424647577565,0.1216025681897962,0.45901377223504414,0.45889600352906595
121,0.005811260480126959,0.001002146589167676,0.1593409796065875,0.12107141817704736,0.4590092295929701,0.4588956787819859
122,0.00565159042106834,0.0009643773492563779,0.15876078868536525,0.12053862465537088,0.45900490200301364,0.4588953714695162
123,0.005501199410845867,0.0009279419282436131,0.158173470405225,0.12002450118697702,0.45900064276520675,0.4588950784970017
124,0.005356388769068503,0.000892748937097778,0.15756577169428967,0.11950641330394433,0.45899660832295625,0.45889480307684627
125,0.005213356264086361,0.0008590414972753224,0.15697333372125177,0.11899643811416896,0.4589927297237632,0.45889454578753386
126,0.005074554562700995,0.0008268188243850977,0.1564062947300635,0.11849126086037624,0.4589888750008925,0.4588943057582574
127,0.004940862776303844,0.0007958332190312536,0.15584858791121997,0.11798822959183888,0.4589853128424724,0.458894075858856
128,0.004810630874236893,0.0007660525598982387,0.15527929518657485,0.11748776038215913,0.4589815229810382,0.45889386271829097
129,0.004683361433670441,0.0007373943244014946,0.1547371870530803,0.11700113733804689,0.4589782622242221,0.45889365714552166
130,0.004561310147252836,0.0007095719000982954,0.15419018439001536,0.11650750149332845,0.4589749573206703,0.45889346865928127
131,0.004441374752502696,0.0006828053712431639,0.15366161637392872,0.11602078981245585,0.4589718729781335,0.4588932864496987
132,0.004324202845212633,0.0006571065033994718,0.15311757233146783,0.11554277342797976,0.45896881292883923,0.45889311833419305
133,0.004211001410615538,0.0006325853772448159,0.1525882794817437,0.1150722274281905,0.4589658867971636,0.45889295851289524
134,0.004099969839249666,0.0006091504501117019,0.15205271813427243,0.11460484792407133,0.4589630909992497,0.4588928077195441
135,0.003989847908198089,0.0005864069364977248,0.15151559629035827,0.1141342221888377,0.45896045952285425,0.4588926643537672
136,0.003885225764510705,0.0005644208064919227,0.15097653494850632,0.11366820076356128,0.4589578475852522,0.4588925289649227
137,0.003785645750513992,0.0005435934986073666,0.1504656215981303,0.11320979210861179,0.4589553886745385,0.4588924015896631
138,0.003687446217084376,0.0005233443372201641,0.14995561704403998,0.11275254606261753,0.45895293502539375,0.4588922814198117
139,0.0035898204839810675,0.0005039641914033991,0.14944802106805305,0.11230266384411605,0.4589506964641517,0.45889216909034525
140,0.0034976176791525803,0.0004854084613263394,0.14893657141188965,0.11185417268631045,0.45894851239080603,0.45889206095408097
141,0.0034079660819426247,0.0004676031206076102,0.1484410121290508,0.1114161578003697,0.458946476504662,0.45889195732344035
142,0.0033205428747851247,0.00045021129298735487,0.14794098542269024,0.11097659274431529,0.4589445000082617,0.4588918631991928
143,0.003232593986060998,0.00043353498797608594,0.1474614059442038,0.11053714739506866,0.4589426119681441,0.4588917732144406
144,0.0031491184700999974,0.0004175759235703981,0.14695350152404532,0.11010670646723424,0.4589407191512991,0.45889168711967854
145,0.0030711244110628506,0.00040225433734299544,0.1464769259064995,0.10967635436398149,0.4589388727783872,0.4588916056640021
146,0.0029923644155223296,0.00038730451239875064,0.14597525571720132,0.10925803640828484,0.4589370681186334,0.4588915300145917
147,0.0029142935095469147,0.00037301429676691016,0.14547782239313595,0.10883888592232391,0.45893536935816776,0.45889145842684986
148,0.0028403549038572913,0.0003593516558092569,0.14499164388332814,0.10842618205058052,0.4589337102746557,0.4588913909174862
149,0.0027673694207731294,0.00034607923595437047,0.14452682148154972,0.10801549484345911,0.4589320852846336,0.4588913272658461
150,0.0026986658857236254,0.0003334405856453299,0.1440604083966001,0.1076043509282308,0.45893059922971935,0.4588912663941415
151,0.002629392820237303,0.0003212009883790192,0.14359484801162922,0.10720189439589527,0.45892911954906995,0.4588912097536988
152,0.002563027152620508,0.00030949181676087113,0.1431491056752368,0.1068007070910113,0.4589277631336712,0.4588911562983567
153,0.002497252181570341,0.000298114106832908,0.1426984840652738,0.10639754522585383,0.4589264106177412,0.4588911049770332
154,0.002432801247343754,0.00028726985295503553,0.14225178950948786,0.10599720554150871,0.4589251736227319,0.4588910564974785
155,0.002368754773836017,0.0002769046202778316,0.14180644956236063,0.10560454971079411,0.45892391709479013,0.45889101135146565
156,0.0023113323656863,0.00026681042939307115,0.14136600930887566,0.10522001288128331,0.45892274196269456,0.45889096859487266
157,0.002252360319012197,0.00025713272817008063,0.1409166683947709,0.10483240105468176,0.4589216571571654,0.4588909273528591
158,0.0021963709343256867,0.0002477079562908104,0.14045607140193395,0.10444639685983523,0.4589206059909177,0.4588908889539858
159,0.0021410384421580394,0.00023875023422527584,0.14002807541481968,0.10406387278961522,0.4589195313781089,0.45889085188595996
160,0.0020861784954910112,0.00023001521237160953,0.13958324471071534,0.10368893568734887,0.4589185180519061,0.458890817659068
161,0.002033205794483351,0.0002217602649001079,0.13915650844015257,0.10331396499120667,0.45891751009745485,0.458890785212793
162,0.0019818008824432224,0.00021366656632643057,0.1387159930665241,0.10294774294291835,0.45891653516707864,0.45889075456177286
163,0.0019303899667777562,0.00020596089267979333,0.1382925599766869,0.1025864240157612,0.4589156009294463,0.45889072475739656
164,0.0018827760259312605,0.0001985032131293795,0.13786789509021696,0.10221831302805391,0.4589147132810144,0.4588906973897223
165,0.0018343354020952842,0.00019128477409262968,0.13744205058066475,0.10185306666056618,0.45891386979317994,0.4588906712562399
166,0.001788888036664223,0.00018439127306177933,0.1370266593126629,0.1014970394395974,0.45891305665677545,0.45889064641048793
167,0.0017437015808062467,0.00017774053284101964,0.13662094683659548,0.10114194474510696,0.4589122222020747,0.4588906234239751
168,0.0017002349278092317,0.00017133911523777652,0.1362185376464588,0.10078546361257482,0.45891145325708943,0.4588906019206558
169,0.0016585005553714463,0.00016516897366131703,0.13581958239544425,0.10043293379195481,0.45891071745887013,0.4588905808574252
170,0.0016173704936689275,0.00015923840165816446,0.1354224182719465,0.10008467207095248,0.45890999019977974,0.45889056117210236
171,0.0015769022011641986,0.0001534908150001954,0.13503102215363316,0.09973888379799829,0.4589093049430916,0.45889054225203835
172,0.0015377039940115394,0.0001480070027988149,0.1346235654082097,0.09939376645455969,0.45890867700331983,0.45889052452956697
173,0.0014999605269564247,0.00014269883875321995,0.13422454495984706,0.09904975828213855,0.4589080090837447,0.45889050784324414
174,0.0014626572500272066,0.0001376090158471175,0.13383101142811307,0.09870930600829084,0.45890739764835375,0.45889049208768434
175,0.0014272531405757644,0.00013270608726753991,0.1334505402929125,0.09837360787495229,0.45890678558651166,0.4588904773190919
176,0.00139204687408195,0.00012801070691893774,0.13306087809598488,0.09803675742998101,0.4589062032510863,0.4588904630341716
177,0.0013578623394562206,0.0001234476598972622,0.13266905967239667,0.09770810551618853,0.45890565208885475,0.45889044964928616
178,0.0013245680903490114,0.00011906130634672688,0.13229606842926983,0.0973794906421998,0.4589051311778188,0.458890436790705
179,0.0012913125938803114,0.0001148183731093621,0.1319157097673283,0.09705686671758551,0.45890462307852,0.4588904250977211
180,0.0012595372643924708,0.00011066773714044394,0.13153407111180027,0.0967344133059605,0.4589041036739963,0.4588904137725286
181,0.001228308902535558,0.00010669645351065005,0.131156696040957,0.09641053847289748,0.458903643365284,0.45889040282573584
182,0.0011984960727219243,0.00010289266742236521,0.13080657198884,0.09608984246967449,0.45890318507681876,0.4588903924981106
183,0.0011689085818128385,9.9221764733399e-05,0.13043307599556797,0.09577173006785779,0.4589027506309386,0.45889038287042105
184,0.0011404031267346615,9.570388860883699e-05,0.13005121135380238,0.09545607519332314,0.4589023072603301,0.4588903739042413
185,0.0011110564970288955,9.233465711147508e-05,0.12967235778519734,0.0951394080155794,0.4589018807419941,0.45889036527924826
186,0.001083887840132607,8.906387606888959e-05,0.12930421270701964,0.09482801187462822,0.4589014826731245,0.45889035718686166
187,0.001058121729197955,8.588030021762665e-05,0.1289570931798511,0.09452245439471252,0.45890109885337005,0.4588903492773908
188,0.0010322421299022667,8.28128590629416e-05,0.12860252496341085,0.09421863939899786,0.4589007181797749,0.4588903419701033
189,0.001007836567480655,7.986175681478673e-05,0.1282268610013712,0.09391573769363017,0.45890036980759763,0.458890334917724
190,0.00098242668373916,7.70702516152291e-05,0.1278741694881424,0.09361287085253868,0.45890002881409464,0.4588903282691287
191,0.0009582946817433523,7.433896949646156e-05,0.12751439423252417,0.09331217252510499,0.4588997167098051,0.45889032219440795
192,0.0009335395352491119,7.169515596017546e-05,0.12716671357601134,0.09301618911896864,0.45889937905726164,0.45889031630525584
193,0.0009099449881564088,6.91509105238762e-05,0.12683046612480403,0.09271687132068913,0.4588990693228923,0.45889031062830954
194,0.000888035348767562,6.673116951408946e-05,0.12647463311725354,0.09241834209393104,0.4588987711183382,0.45889030527022595
195,0.0008666055953940845,6.438595040039071e-05,0.12613059351712233,0.0921260433481999,0.45889847534795036,0.45889030023393795
196,0.0008451692367396799,6.212016284701106e-05,0.12578284421606348,0.09183639399531865,0.45889820163788303,0.45889029557884714
197,0.0008243518227656609,5.9933924769447275e-05,0.12545912683947474,0.09154285812960282,0.45889794189237343,0.45889029103181533
198,0.0008048195731714979,5.780849627961525e-05,0.12511749193274949,0.09125372082081157,0.4588976832243959,0.4588902868159061
199,0.0007851809700453137,5.5779678705239466e-05,0.1247855965360046,0.0909663977481737,0.4588974285624577,0.45889028278005284
200,0.0007656555267191358,5.381506001309722e-05,0.12446779400694201,0.0906843479460889,0.45889718089024073,0.4588902789509164
201,0.0007470638069885701,5.191844574347202e-05,0.12413311496327695,0.09040041111066507,0.45889694664334735,0.45889027526759724
202,0.0007284729548452138,5.010597836422329e-05,0.1237854868561818,0.09012281196505631,0.45889672095692163,0.45889027175891667
203,0.0007104807899132227,4.8347472208770705e-05,0.12344738137805951,0.08984628496190034,0.45889650692157125,0.4588902684935772
204,0.0006927979845849053,4.66610461872528e-05,0.12313172662231711,0.08956809376794586,0.45889629922477393,0.45889026544632394
205,0.0006755243559267499,4.5025579921098844e-05,0.12280395188080555,0.08929142862048396,0.4588961026370385,0.4588902625877972
206,0.0006594361268231618,4.343852317542463e-05,0.12249285271953525,0.0890190361508479,0.4588959076865522,0.458890259771357
207,0.0006438418132736944,4.191985391951337e-05,0.12216921062290749,0.08874798170249157,0.45889571570719145,0.45889025714315484
208,0.0006284373965043044,4.0431870621301905e-05,0.1218546714022168,0.08847580455376089,0.45889553127525023,0.4588902546594051
209,0.0006134011270465397,3.90103982959386e-05,0.1215344902611641,0.08820529307667194,0.4588953611738738,0.4588902523223067
210,0.0005985467285981362,3.763933216730052e-05,0.1212225325069413,0.08793525187640147,0.4588951892216726,0.4588902500500797
211,0.0005837371440431445,3.630943419742385e-05,0.12091664344647406,0.08767097178686001,0.4588950250178259,0.45889024793956423
212,0.0005691389507198402,3.5046642938061666e-05,0.12059349985600812,0.08740866899146979,0.4588948645555619,0.4588902459426193
213,0.00055505279472718,3.3817960311041575e-05,0.12028816062504359,0.0871439874740119,0.4588947142547254,0.4588902440205578
214,0.0005415435285469007,3.2630042172691884e-05,0.11997781046537023,0.08688022214663416,0.45889456868816014,0.4588902422278795
215,0.0005287660917554329,3.1486653865044584e-05,0.11967520013234219,0.08662109188086933,0.4588944288291993,0.4588902404853242
216,0.000516136606578358,3.038588606828456e-05,0.11938101546048197,0.08635946939508214,0.4588942827260742,0.45889023885184876
217,0.0005037493212582412,2.9328632477505534e-05,0.11908142787458202,0.08610137297572543,0.45889414865838496,0.4588902373002711
218,0.000491415415944234,2.831457561346687e-05,0.11878531276943897,0.08584711214495543,0.45889401534782426,0.4588902358603115
219,0.00048000168303908897,2.733596482473679e-05,0.11849758253814772,0.08559415173453436,0.4588938970101243,0.4588902344733114
220,0.0004680829073550965,2.6387284928409005e-05,0.11820566546710812,0.08534126462366284,0.4588937809013943,0.4588902331610053
221,0.0004571503070454016,2.5467647835324765e-05,0.11790540280204018,0.08509172942394964,0.45889366154558375,0.4588902319129242
222,0.0004461280955941952,2.458906935308995e-05,0.11761333381703458,0.08483667478287385,0.4588935473142148,0.4588902307358535
223,0.0004353678584465011,2.3737283927319915e-05,0.11730999343129316,0.08458784858408115,0.4588934358392078,0.45889022960948705
224,0.00042455480804293974,2.2913246970248603e-05,0.11702564925980963,0.08434021049831944,0.4588933289072366,0.4588902285590673
225,0.00041408232936016563,2.2116434973791086e-05,0.1167399306508313,0.08409446664828303,0.45889322336410726,0.4588902275597914
226,0.00040427462341055325,2.1345968974303908e-05,0.11646220901136917,0.08384838567966517,0.4588931232278336,0.45889022662360046
227,0.0003943737677288438,2.0610654959898248e-05,0.11618101539063501,0.08360757665756162,0.45889302393642567,0.458890225726927
228,0.00038443782321514693,1.989703783173698e-05,0.1159027010382567,0.08336631520380115,0.45889293427364997,0.4588902248482426
229,0.00037519993793113575,1.9208850022916166e-05,0.1156262226991579,0.08312459611715257,0.45889284691045934,0.45889022404309676
230,0.00036607955214445223,1.8547477429787193e-05,0.11534293692305939,0.08288179438997458,0.45889276012376606,0.45889022326495554
231,0.0003570206919066833,1.789814739055583e-05,0.11506486700946743,0.08264230911399163,0.4588926787517578,0.45889022253370626
232,0.0003481552174182015,1.727843748340821e-05,0.11479855531278142,0.08240744199010269,0.45889259837695695,0.4588902218370037
233,0.00034033564671880355,1.668500278128145e-05,0.11453108034210242,0.08217249303658315,0.4588925211045617,0.4588902211702928
234,0.0003319860242871974,1.61031436030409e-05,0.11425875032746946,0.08193654599177401,0.45889244756067094,0.4588902205403758
235,0.0003243789730483377,1.555469725511901e-05,0.11397717023442441,0.08170687952823283,0.4588923734499768,0.4588902199530879
236,0.0003167877166966152,1.5015443234295391e-05,0.11371455722558702,0.08147508565788605,0.45889230479378285,0.45889021938580293
237,0.0003096243217436798,1.449764258856249e-05,0.11345057953018281,0.08124286010644002,0.45889223977216653,0.45889021885131076
238,0.00030248978117364093,1.3996961655021405e-05,0.11318330814666314,0.08101492966288663,0.4588921744587819,0.45889021834793653
239,0.00029526662615889164,1.3512253922517165e-05,0.11291848341191739,0.08078563414820418,0.45889210874253017,0.45889021786873363
240,0.0002882669481671216,1.3047381131085522e-05,0.11263382938086268,0.08055876128010879,0.458892047077254,0.45889021741642344
241,0.00028137181251465765,1.2597010645702615e-05,0.11237092225481582,0.0803324109401682,0.4588919848334065,0.45889021698656834
242,0.000274746918896995,1.2163465335018331e-05,0.11210942992817977,0.0801106115137534,0.4588919277016556,0.45889021658217405
243,0.00026834201960262207,1.1747665700598415e-05,0.11185549603520269,0.07988783465489223,0.45889187168276796,0.4588902161935803
244,0.0002621212211818943,1.134299147414831e-05,0.1115940134652548,0.0796660466750885,0.45889181730566014,0.45889021583285466
245,0.0002559789580627565,1.0956127821740315e-05,0.11133764825444196,0.079442968982917,0.4588917656460708,0.4588902154804135
246,0.00024997425399474974,1.0580671205264993e-05,0.11107645088926428,0.07922074188345815,0.45889171518115573,0.45889021514514167
247,0.00024391238955194725,1.0218596644719405e-05,0.11082956360486193,0.07900233978106178,0.45889166701501144,0.45889021482956016
248,0.00023826490552721085,9.86936203825939e-06,0.11057608245347794,0.07878223449406528,0.4588916184187384,0.45889021453268725
249,0.00023275508201086735,9.53098875804609e-06,0.11032110951140077,0.07856321033655281,0.45889157341414055,0.4588902142414584
250,0.00022736350271972323,9.204089019750161e-06,0.11007374507541576,0.07834999684821523,0.45889152907378206,0.4588902139749814
251,0.00022211852781554593,8.889030912728837e-06,0.10981817415369985,0.07813315574717608,0.45889148499908927,0.4588902137166593
252,0.0002168001436564647,8.584514533396854e-06,0.10956786355778836,0.07792014340590504,0.45889144301306023,0.4588902134754019
253,0.00021159221653194743,8.289696231304703e-06,0.10932200143783402,0.07770772201790102,0.4588914025515221,0.4588902132429296
254,0.00020655721839587244,8.009235067516183e-06,0.10906896146437992,0.07749975210507318,0.45889136423834803,0.4588902130221661
255,0.00020169263086230132,7.73757458255816e-06,0.10882048122956745,0.07728882904011472,0.4588913267314414,0.45889021281598896
256,0.00019707275221838533,7.471713542377025e-06,0.108569848156164,0.07707914546856923,0.45889129104808324,0.4588902126199814
257,0.00019234415657442704,7.218414046593777e-06,0.10832389762362735,0.07687069624251266,0.4588912556594428,0.4588902124364317
258,0.00018777684124383535,6.972203937892332e-06,0.10808729801991743,0.07666478203535605,0.4588912215182924,0.45889021225989624
259,0.00018333768722186052,6.731867212770902e-06,0.10784197075561126,0.07646173522547058,0.4588911876557577,0.4588902120918889
260,0.0001792286154358674,6.504403527613218e-06,0.10760099319642938,0.07625261649045753,0.4588911573690616,0.4588902119337339
261,0.00017489461644295927,6.283700923614264e-06,0.10735824850614209,0.0760492463336033,0.4588911281586318,0.458890211781394
262,0.0001707929588383958,6.067482467069804e-06,0.10711613944100758,0.07584480551444844,0.4588910990401792,0.458890211637596
263,0.0001666768681157576,5.86199093787282e-06,0.10688477072751656,0.07564434555574516,0.458891071374613,0.4588902115012976
264,0.00016271844652870692,5.662164749697221e-06,0.10664752340811115,0.07544420203423588,0.4588910447758076,0.45889021137265373
265,0.00015883245473212974,5.470728011190006e-06,0.10641077477997107,0.07524404922446022,0.45889101850462444,0.45889021124826873
266,0.0001550472633877792,5.283526688189225e-06,0.10617622623809889,0.07504425355136513,0.45889099117720117,0.45889021112857986
267,0.0001513737377239851,5.104840404054486e-06,0.10594878009978922,0.07484646945521407,0.45889096547943015,0.4588902110161047
268,0.00014790429331788547,4.9292568248952855e-06,0.10570701303417704,0.07464988057043398,0.45889094187883267,0.4588902109120011
269,0.0001444672297037231,4.762876040653215e-06,0.10547044513638397,0.07445148137019299,0.45889091869613347,0.4588902108108184
270,0.00014109354940172495,4.601851612055148e-06,0.10523972116607601,0.07425696716831306,0.45889089608747363,0.4588902107150773
271,0.0001376714366831485,4.445810713282977e-06,0.10501597178219049,0.07406002627928165,0.4588908747355533,0.458890210624325
272,0.00013440218173198408,4.294226960216508e-06,0.10478899351248323,0.07386386042110447,0.45889085380678135,0.4588902105391968
273,0.0001313439642388418,4.149870752938334e-06,0.10456914437624579,0.07367050316540825,0.4588908338158513,0.45889021045780776
274,0.0001283676393742925,4.0108960206382634e-06,0.1043419490710605,0.07347878782706126,0.4588908143263544,0.4588902103806219
275,0.0001253409984419867,3.875296324341489e-06,0.10410754988406681,0.0732852904188109,0.458890795501833,0.45889021030612
276,0.0001223584714598685,3.7448107225538357e-06,0.10387454229277553,0.07309497916567122,0.4588907768637209,0.45889021023703147
277,0.00011948560518462819,3.6195600293637386e-06,0.1036521467151911,0.0729066979883278,0.4588907583311281,0.4588902101707292
278,0.00011669004980157623,3.4970743089097713e-06,0.10342493958158953,0.07271673227952304,0.4588907414299306,0.45889021010915065
279,0.00011396140580031405,3.3795180782444018e-06,0.10319356217161615,0.07253011880253749,0.45889072441744083,0.458890210048643
280,0.000111304100254775,3.2656646690974397e-06,0.10297446211527599,0.07234237731166951,0.45889070797087933,0.4588902099927095
281,0.00010872703424167603,3.1544633366870352e-06,0.10274346115861281,0.07215639561814581,0.45889069317959075,0.4588902099389157
282,0.00010617526341542498,3.04767988088919e-06,0.10252179186688952,0.07197105044521775,0.45889067808492073,0.4588902098881184
283,0.00010373572938020877,2.944880378285857e-06,0.10229994928502018,0.07178638245644096,0.4588906636198179,0.4588902098393347
284,0.0001013690703234016,2.8448397541375504e-06,0.10209085898469525,0.07160101412829922,0.4588906492120596,0.45889020979338924
285,9.897002828456453e-05,2.7480138788593576e-06,0.10187445312714169,0.07141849910149133,0.4588906352745754,0.45889020974981953
286,9.665692172424602e-05,2.6548830124574554e-06,0.10166709368215412,0.07123356567564683,0.4588906231088055,0.45889020970821426
287,9.447063847730082e-05,2.5656306136355246e-06,0.10145210200225903,0.0710533933261073,0.4588906107286876,0.45889020966895533
288,9.231734377578753e-05,2.478302750390604e-06,0.10124380850243904,0.07087392712246218,0.458890597708542,0.45889020963252447
289,9.023139307489582e-05,2.394553091722345e-06,0.10103097092101557,0.07069204975838872,0.45889058553737777,0.4588902095965063
290,8.813019930901139e-05,2.3136878505228156e-06,0.10081652386829432,0.0705145992528108,0.4588905734175791,0.4588902095621165
291,8.60408025173201e-05,2.23609087874587e-06,0.1005990585352213,0.07033639287273172,0.45889056189533867,0.45889020952997467
292,8.40575633769016e-05,2.1603800616302167e-06,0.10037981762045108,0.07016009202143786,0.45889055068479434,0.458890209499448
293,8.207253701259198e-05,2.0882359580358494e-06,0.10016846811158833,0.06998276212739563,0.458890540575258,0.45889020946971365
294,8.020540563100616e-05,2.0172175560449517e-06,0.09996292320159333,0.06980751976699313,0.458890530832526,0.45889020944261005
295,7.835466341773255e-05,1.9486174618278455e-06,0.09975837016994851,0.06963353733720531,0.4588905205457479,0.4588902094165789
296,7.653148975901385e-05,1.8822811501148202e-06,0.099551604948377,0.0694581970184204,0.45889051055270824,0.4588902093922565
297,7.473197531484474e-05,1.8192556204752613e-06,0.09933526606646301,0.06928407374644727,0.45889050110938134,0.45889020936801234
298,7.29774134806531e-05,1.7575964125334887e-06,0.09912964272205695,0.0691099694940013,0.4588904918134052,0.45889020934586844
299,7.129687106658994e-05,1.6983315065258658e-06,0.09892734916048238,0.06893550472740513,0.45889048312022984,0.45889020932451946
300,6.96934571406023e-05,1.6412700645377417e-06,0.09872906885179486,0.06876240552989273,0.45889047488842155,0.4588902093040619
301,6.811538247908018e-05,1.5863970992901273e-06,0.0985229165568061,0.06859120909610411,0.45889046679566,0.45889020928503416
302,6.653536562133998e-05,1.5332682062206987e-06,0.09832840083148024,0.06841847099627724,0.45889045871898493,0.45889020926690194
303,6.500395615377161e-05,1.4819402928728196e-06,0.09812959543659018,0.06824939217724012,0.4588904508592865,0.4588902092496082
304,6.353027177641651e-05,1.4323874477920748e-06,0.0979373060692219,0.06808119682557391,0.45889044334610024,0.45889020923280316
305,6.208039983569744e-05,1.3840920706693744e-06,0.09773105721248118,0.06790982897718274,0.4588904360467061,0.4588902092173298
306,6.0664545604307204e-05,1.337512769305424e-06,0.09753180391092812,0.06774241592907612,0.45889042877147485,0.458890209202366
307,5.924232765279925e-05,1.2925325407672706e-06,0.0973250402429852,0.06757442831862254,0.45889042218438575,0.45889020918824225
308,5.7851098413884734e-05,1.2494155999934616e-06,0.09712105119247834,0.06740864848865968,0.4588904153791017,0.4588902091748281
309,5.651260532760449e-05,1.2074062513260217e-06,0.09692585738662077,0.06724165123974653,0.45889040894690175,0.45889020916220724
310,5.519752155118521e-05,1.1666692633132182e-06,0.09673309336870355,0.06707728294995978,0.45889040252315094,0.4588902091500402
311,5.393864409288051e-05,1.1272497770701024e-06,0.09653857816804803,0.06691297761958194,0.45889039653312186,0.45889020913858475
312,5.268202885405923e-05,1.089539208812546e-06,0.09635388663664185,0.06674725553638623,0.45889039060801906,0.4588902091279836
313,5.146349673154704e-05,1.0534723690099725e-06,0.09615692236799406,0.06658587382521101,0.4588903847426386,0.45889020911740347
314,5.0276770922113234e-05,1.0182981405917936e-06,0.0959608957242963,0.06642216027761597,0.458890379409045,0.4588902091074424
315,4.908290787788567e-05,9.843218932094214e-07,0.09576679929847853,0.06626035354023521,0.4588903740238955,0.4588902090982194
316,4.7934281481718195e-05,9.515281570095212e-07,0.095572322068866,0.06609900408486843,0.45889036887601187,0.45889020908934713
317,4.686018277952859e-05,9.197194104339743e-07,0.0953820502420056,0.06593944643888362,0.4588903637708854,0.45889020908082684
318,4.5786164196615856e-05,8.895741889147604e-07,0.09519426222503545,0.06577827338287544,0.4588903590671613,0.45889020907265915
319,4.470432432435119e-05,8.598534586882321e-07,0.09500720954607206,0.06561986718654408,0.45889035430389813,0.458890209065051
320,4.3678583141481586e-05,8.312643812126332e-07,0.0948219016715893,0.06546230904539306,0.4588903498303162,0.458890209057896
321,4.2671580134053466e-05,8.035439910053666e-07,0.09463271566902014,0.06530235912136115,0.4588903453128201,0.4588902090509162
322,4.171083552308595e-05,7.768215063465347e-07,0.09444149510054667,0.06514625493396367,0.45889034118579214,0.45889020904453304
323,4.076323873322225e-05,7.507902193498432e-07,0.09425315668769561,0.06498869876871136,0.4588903370812143,0.458890209038346
324,3.982866991351557e-05,7.258044053570448e-07,0.09406649762934656,0.06483218111651953,0.4588903332001584,0.45889020903245115
325,3.891927906911572e-05,7.015596861681707e-07,0.0938762091721653,0.06467862437221325,0.4588903292841665,0.45889020902683775
326,3.801734264102258e-05,6.781379014149287e-07,0.09369104593771478,0.06452445075400304,0.45889032560903403,0.4588902090215276
327,3.715506041041947e-05,6.559297332267066e-07,0.09350590244890072,0.06437051361526297,0.45889032185080103,0.45889020901644617
328,3.633394049995394e-05,6.340767929605468e-07,0.09332670004492896,0.06421580779730171,0.4588903182509694,0.45889020901152094
329,3.552596013638445e-05,6.131585927543106e-07,0.09314252519059316,0.06406128713517245,0.4588903149879127,0.45889020900698513
330,3.4733798532922784e-05,5.928852919447163e-07,0.09296836271883091,0.06390923441834298,0.4588903117240172,0.4588902090026483
331,3.3940548552377035e-05,5.728680730518129e-07,0.092786150588305,0.06375717575056372,0.4588903084900819,0.4588902089985595
332,3.315166136545821e-05,5.540228463135155e-07,0.09260019764367912,0.06360817443409157,0.45889030529994546,0.4588902089946482
333,3.2394685593456046e-05,5.35604601590841e-07,0.09241765145755784,0.0634566185315049,0.45889030216762466,0.4588902089910114
334,3.1667254864668134e-05,5.179226183696833e-07,0.09224439660919309,0.06330394359952184,0.4588902992665044,0.4588902089874131
335,3.096617223582418e-05,5.004758821348397e-07,0.09206956213344815,0.06315419756325355,0.4588902965887855,0.4588902089840087
336,3.0266476603270994e-05,4.83849250662074e-07,0.09189479813518502,0.06300459887784043,0.4588902938688563,0.458890208980824
337,2.9571081955891464e-05,4.6793769431032793e-07,0.09171590985114061,0.0628574434527034,0.458890291199173,0.4588902089777601
338,2.889553247051715e-05,4.523257668958796e-07,0.09153959405696248,0.06271056213726202,0.45889028869050297,0.45889020897491706
339,2.8242874443531157e-05,4.3731644506295305e-07,0.0913601678822555,0.0625644547732466,0.458890286326314,0.4588902089722124
340,2.7571934238074404e-05,4.228384677949824e-07,0.09118460535818382,0.062416956760290666,0.45889028398034115,0.458890208969556
341,2.6926450346662522e-05,4.0878583733281347e-07,0.09100982378961067,0.06227133495341847,0.45889028167861745,0.4588902089670649
342,2.6305639962259055e-05,3.9517833590990356e-07,0.09083963529624085,0.06212683490212041,0.4588902794195662,0.4588902089647382
343,2.570516292170237e-05,3.8225960094682964e-07,0.09066557939697455,0.06198296755959307,0.4588902772917825,0.4588902089624723
344,2.5132903367084275e-05,3.6952224899224493e-07,0.09049222643203132,0.061839442962559374,0.45889027516475345,0.45889020896033567
345,2.4557663200921554e-05,3.572924386681124e-07,0.09032394463153608,0.06169567497929394,0.458890273146009,0.45889020895827654
346,2.4008703506483043e-05,3.4548908395266845e-07,0.09015069999372818,0.061551765366883726,0.45889027116913733,0.45889020895636223
347,2.3462172967780933e-05,3.3404557383358496e-07,0.0899776822211866,0.06140837015423839,0.4588902693724193,0.45889020895456156
348,2.2927696803797543e-05,3.22920401012096e-07,0.08980986067197794,0.06126432709830125,0.45889026749511147,0.4588902089528246
349,2.2408920638158047e-05,3.1240242347449586e-07,0.08964169815068161,0.061122541453583465,0.45889026564893215,0.4588902089511932
350,2.189857319893048e-05,3.0197228905182586e-07,0.08947498111201496,0.06098039811988949,0.4588902638875004,0.4588902089496516
351,2.1402857835821352e-05,2.920076379725157e-07,0.08931105443280515,0.06083989458135762,0.45889026216542456,0.4588902089481749
352,2.093236725216045e-05,2.823087676775344e-07,0.08914360309992456,0.06070071334721842,0.45889026053924303,0.458890208946743
353,2.0459873077394478e-05,2.7302963364091727e-07,0.08897658601516562,0.06056048944961134,0.4588902590476199,0.4588902089453685
354,1.999124779547917e-05,2.640492677826865e-07,0.08881091578522901,0.06042099627293342,0.4588902575667526,0.45889020894406435
355,1.9543248333592665e-05,2.554024452192728e-07,0.08864950860372359,0.06028081883676527,0.458890256026878,0.4588902089428443
356,1.9102878077471276e-05,2.4698062244557007e-07,0.08848298443858364,0.060141157880711574,0.4588902546370931,0.4588902089416768
357,1.868400329435019e-05,2.38764003377994e-07,0.08831655676206562,0.060004112923454464,0.4588902532179332,0.45889020894056937
358,1.8275945785276407e-05,2.30970700091733e-07,0.08814015776653007,0.05986713209627266,0.4588902517538857,0.45889020893950117
359,1.7868049890224106e-05,2.2331987612580784e-07,0.08797879241284327,0.05973127195904807,0.4588902504037026,0.458890208938489
360,1.745788201178523e-05,2.1601392776679425e-07,0.0878151925353085,0.05959479483914741,0.45889024913792575,0.45889020893754406
361,1.705075955722521e-05,2.0895567976318474e-07,0.08765635589780506,0.059458594027037646,0.4588902479327322,0.45889020893663207
362,1.667788919283222e-05,2.0211855073514606e-07,0.08748844988928735,0.05932295415128375,0.4588902467176741,0.45889020893577
363,1.6296513431846248e-05,1.9547501422715626e-07,0.08732497240809192,0.05918888341428843,0.4588902455329144,0.4588902089349565
364,1.5933782751139406e-05,1.8904559445828916e-07,0.0871662662218252,0.05905668652001611,0.45889024441646165,0.45889020893417254
365,1.557774686673371e-05,1.8281409307212878e-07,0.08700311701545867,0.05892371900075555,0.4588902433240055,0.4588902089334379
366,1.5220512751572826e-05,1.768257301752047e-07,0.08684145116486737,0.058789405221552224,0.45889024223030794,0.4588902089327586
367,1.4869364206825065e-05,1.7102963016136086e-07,0.0866810689115225,0.058657415237780716,0.45889024122028,0.45889020893208887
368,1.4543197635087267e-05,1.6543295334241144e-07,0.08651826969268603,0.05852530915560543,0.4588902402328321,0.4588902089314592
369,1.420940469810244e-05,1.5999357262055463e-07,0.08636523734329893,0.05839197052252789,0.45889023928041217,0.4588902089308597
370,1.3889144043886774e-05,1.5474110511377776e-07,0.0862054998096573,0.058261423706016204,0.45889023836690157,0.4588902089302822
371,1.357335339868244e-05,1.4964428860712722e-07,0.08604057560802245,0.05812878071596729,0.45889023748005764,0.4588902089297336
372,1.3274654285254023e-05,1.447597897005056e-07,0.08588036204202068,0.05799844880982226,0.4588902366141293,0.4588902089292188
373,1.2969003559935242e-05,1.4005824509062759e-07,0.08572521817214254,0.05786973616872106,0.45889023575302856,0.4588902089287238
374,1.2670094493340208e-05,1.354669640233501e-07,0.08556748032599928,0.05773768478380392,0.458890234926575,0.4588902089282586
375,1.2390765594811233e-05,1.3100127248903744e-07,0.08540417312021084,0.05760733785000901,0.45889023415912533,0.4588902089278205
376,1.211523821626479e-05,1.267113625152658e-07,0.08525165989421206,0.05747802106395964,0.45889023337821244,0.4588902089273881
377,1.1834745382778543e-05,1.225535501654607e-07,0.08509406762139618,0.05735066974263496,0.4588902325899359,0.45889020892699495
378,1.1570395827073304e-05,1.1854782080995561e-07,0.08494084353710221,0.05722156537469496,0.4588902318708947,0.4588902089266136
379,1.1314482950383363e-05,1.1467008379899921e-07,0.08478486071240103,0.05709450231286457,0.45889023116547945,0.45889020892625165
380,1.106140765220548e-05,1.1097142611528286e-07,0.08462689317922747,0.05696776434610723,0.45889023047714134,0.4588902089259019
381,1.0820071314641302e-05,1.0734764502301061e-07,0.08447663340121699,0.05684253028699682,0.4588902297874947,0.4588902089255703
382,1.0583147595176891e-05,1.0381683502530742e-07,0.08432671640392693,0.05671352661765783,0.45889022913992605,0.45889020892526033
383,1.0338228606763734e-05,1.0038224806967475e-07,0.08417538600210421,0.05658833809386761,0.4588902285411489,0.4588902089249559
384,1.0105019241741847e-05,9.71240350931677e-08,0.08402048630726841,0.05646294241318246,0.458890227916166,0.45889020892467147
385,9.875444762642371e-06,9.393568423576423e-08,0.08386991440106559,0.05633808426744261,0.45889022735056634,0.45889020892439786
386,9.657012153984364e-06,9.087018490649037e-08,0.08371644497710008,0.056213463822717157,0.4588902267759396,0.4588902089241452
387,9.442550473318992e-06,8.79059419612904e-08,0.08356899875412668,0.05608855111061541,0.458890226234571,0.45889020892389965
388,9.239840785345713e-06,8.503187964583666e-08,0.08342488675600304,0.055967606975418235,0.4588902257326636,0.45889020892366467
389,9.02968805579901e-06,8.226720737861228e-08,0.08327618841936243,0.05584532526894596,0.4588902252194977,0.45889020892344534
390,8.82891022032858e-06,7.955923084058043e-08,0.08312249219775461,0.055722601896876646,0.4588902247052381,0.45889020892323734
391,8.638068054958705e-06,7.697146903727346e-08,0.08297303406346723,0.05559970714937072,0.4588902242286542,0.45889020892303467
392,8.450197343829024e-06,7.445034469025916e-08,0.08282777731520588,0.0554792567164372,0.45889022375167876,0.45889020892284316
393,8.26215766029039e-06,7.203287175147948e-08,0.08268195276164472,0.05535675177160241,0.4588902233050085,0.45889020892266374
394,8.083054056735442e-06,6.969435354598439e-08,0.0825311372433863,0.05523458358352592,0.4588902228635182,0.4588902089224943
395,7.912336206531009e-06,6.740070719703525e-08,0.08238579103144159,0.05511377734607599,0.45889022243975636,0.45889020892233334
396,7.729063709602601e-06,6.5200198404575e-08,0.08223759211206234,0.0549905772769297,0.45889022203343927,0.4588902089221776
397,7.555314773362161e-06,6.307455805381932e-08,0.08209235257967887,0.05487153323023024,0.45889022163069404,0.45889020892202914
398,7.384344906830707e-06,6.102197594578314e-08,0.08194324924726756,0.054749779034634405,0.4588902212454136,0.4588902089218882
399,7.2137622844495766e-06,5.903277030789744e-08,0.08179934973946337,0.05463153963631893,0.4588902208668165,0.458890208921756
400,7.057893704534577e-06,5.708456933181004e-08,0.0816550100303622,0.054513438345122824,0.4588902205204965,0.4588902089216285
401,6.894670706248079e-06,5.525467182871795e-08,0.08151564572821422,0.054394688677298554,0.45889022017588876,0.458890208921508
402,6.742596650557438e-06,5.3450014977026693e-08,0.08137464573464911,0.054276862788192534,0.45889021982612765,0.4588902089213945
403,6.5957894047221215e-06,5.171557941654886e-08,0.08123744067207554,0.05415982050961639,0.4588902194873641,0.4588902089212835
404,6.445606295684795e-06,5.003601781877575e-08,0.08109748130944774,0.054043294762678815,0.4588902191665757,0.458890208921179
405,6.3026621305747714e-06,4.841018409969698e-08,0.08095327770871594,0.05392719787057767,0.45889021885170367,0.4588902089210807
406,6.1626727130058554e-06,4.684173545197986e-08,0.08080882885782464,0.05381208690406505,0.45889021856490075,0.4588902089209845
407,6.025696889436232e-06,4.5296942164568046e-08,0.08066681384270757,0.05369490937685469,0.45889021828023113,0.4588902089208952
408,5.897016234429236e-06,4.38209716794579e-08,0.08052979311182631,0.05357914626333961,0.4588902180135922,0.4588902089208108
409,5.770208578172823e-06,4.239435666562803e-08,0.08038341611130528,0.05346238086914551,0.458890217755134,0.4588902089207288
410,5.6460724618511e-06,4.103083753215621e-08,0.08024410890108587,0.05334708126493842,0.45889021749217296,0.45889020892065185
411,5.5176194075363075e-06,3.969470029714063e-08,0.08010938984313506,0.053231672761405835,0.45889021722955625,0.4588902089205792
412,5.3995775077808794e-06,3.841865985195266e-08,0.07997303212526766,0.0531156742472644,0.45889021698262866,0.45889020892051147
413,5.2801982401503384e-06,3.7176907726757534e-08,0.07983383512906814,0.053002524747483806,0.45889021673642255,0.4588902089204461
414,5.164045711695918e-06,3.597010086746124e-08,0.07969082842318034,0.05288886772596542,0.458890216501126,0.45889020892038135
415,5.0448345500498036e-06,3.480031130975229e-08,0.07955024201840769,0.0527757160222891,0.4588902162831884,0.4588902089203205
416,4.930606838317769e-06,3.3675194774121474e-08,0.07941057100614901,0.052661745203028784,0.45889021606347047,0.4588902089202632
417,4.8206340292218e-06,3.2577658224232834e-08,0.07928089331136348,0.05254879336661559,0.4588902158559465,0.4588902089202086
418,4.712959405493147e-06,3.1523234842890273e-08,0.07914438011281948,0.052435616952390095,0.4588902156536264,0.4588902089201562
419,4.609330635786805e-06,3.0521831761940066e-08,0.07901131187862497,0.052322680312193406,0.45889021544730674,0.4588902089201081
420,4.506133798498498e-06,2.9530036234412846e-08,0.07887585586007141,0.05220982249273167,0.4588902152484257,0.4588902089200605
421,4.408852623531639e-06,2.8569007170395045e-08,0.07873869902551883,0.0520974261447689,0.45889021505769867,0.45889020892001636
422,4.312309106878721e-06,2.764455773569872e-08,0.07860597296566575,0.05198754261633579,0.4588902148759044,0.4588902089199752
423,4.218334483603737e-06,2.6736704960683303e-08,0.07846539390997556,0.05187649621297077,0.458890214694605,0.4588902089199355
424,4.123075237628322e-06,2.587381073632711e-08,0.07833168694139933,0.05176737113891576,0.45889021452172757,0.4588902089198975
425,4.03285906030307e-06,2.5042093246529366e-08,0.07819800795543717,0.05165742877438462,0.4588902143603992,0.4588902089198605
426,3.947594002578468e-06,2.424116663329468e-08,0.0780617360864669,0.05154872714907903,0.45889021419253584,0.4588902089198261
427,3.859754396913242e-06,2.3457210045410045e-08,0.07792519685944273,0.05143811870417605,0.458890214036185,0.45889020891979293
428,3.774387370196207e-06,2.2701634256239612e-08,0.07779614445014489,0.05133050672128222,0.45889021388573836,0.4588902089197619
429,3.6913651382885696e-06,2.196739846519224e-08,0.07766044697418245,0.051220720824966606,0.45889021373446326,0.45889020891973253
430,3.6110252042841903e-06,2.1257736087368126e-08,0.07752830547695873,0.05111241779526732,0.4588902135868912,0.45889020891970456
431,3.5314044393874124e-06,2.057359087398462e-08,0.07739537094511614,0.051004177533953865,0.4588902134406996,0.45889020891967763
432,3.4521720876421414e-06,1.9906686042318494e-08,0.07726920303707306,0.050897999405577356,0.45889021331445845,0.45889020891965177
433,3.3766139942557063e-06,1.9266101625612514e-08,0.07714255665493322,0.050790938867264525,0.458890213186465,0.45889020891962795
434,3.303302245328669e-06,1.863944844627487e-08,0.07701177270933422,0.05068341538268677,0.4588902130524161,0.45889020891960425
435,3.230527448457296e-06,1.8038287750132386e-08,0.07688370019039575,0.050578165731544264,0.45889021292747134,0.4588902089195819
436,3.1602710930518504e-06,1.7453545537571554e-08,0.076753427732474,0.05047317642604064,0.4588902128114055,0.45889020891956084
437,3.0888932592142015e-06,1.6892639588513587e-08,0.0766261856234004,0.050368130652414356,0.4588902126880662,0.4588902089195413
438,3.0217058868815506e-06,1.6344167764074905e-08,0.07649435655340577,0.05026221953397062,0.45889021257848056,0.4588902089195222
439,2.9548854384654147e-06,1.581526502674197e-08,0.07637398957752788,0.050156539423573475,0.4588902124767311,0.45889020891950405
440,2.891063249480696e-06,1.5302128162468908e-08,0.07624440525208828,0.05005213549576826,0.45889021237008876,0.45889020891948695
441,2.8298526166226927e-06,1.4803732403500994e-08,0.076114020664115,0.04994738843927345,0.4588902122684253,0.45889020891947013
442,2.768837087842519e-06,1.4326271384122155e-08,0.07598874628877483,0.04984354634435267,0.4588902121690211,0.458890208919455
443,2.7080678598253963e-06,1.3860552467576499e-08,0.07586073957028112,0.04974056420899489,0.45889021207395314,0.4588902089194402
444,2.647528574067376e-06,1.3414726396630354e-08,0.07573491731273103,0.04963629036633116,0.45889021197714513,0.458890208919426
445,2.590519573824053e-06,1.2979818904185788e-08,0.07560944404861389,0.04953290763666215,0.45889021188804496,0.45889020891941285
446,2.5328116307763978e-06,1.2563894723825226e-08,0.07548275406358182,0.049431060836502366,0.45889021179759704,0.4588902089194004
447,2.477218200606119e-06,1.216192194899918e-08,0.07535540111626012,0.049328578003758,0.4588902117092818,0.45889020891938814
448,2.4239141586540404e-06,1.176576833842425e-08,0.07523353123676356,0.049227852053613116,0.45889021162621263,0.4588902089193764
449,2.371352239901265e-06,1.1387678226015379e-08,0.07510951885703945,0.04912343852487344,0.4588902115470896,0.4588902089193653
450,2.3191636371615214e-06,1.1018960843006376e-08,0.07498831975887368,0.049021548071614615,0.45889021146943393,0.45889020891935495
451,2.2693733292743116e-06,1.0667569177439714e-08,0.0748622863249361,0.048919819973788616,0.4588902113887743,0.458890208919345
452,2.2201222171812766e-06,1.0322149235547894e-08,0.07474020624126734,0.048818948814339055,0.45889021131331253,0.4588902089193354
453,2.171959900518847e-06,9.985449851723965e-09,0.07460960936806924,0.048719625403056,0.4588902112436524,0.4588902089193264
454,2.124161801740517e-06,9.663985314651301e-09,0.07448650209814794,0.04861851367885876,0.45889021117704576,0.4588902089193179
455,2.078218822171716e-06,9.351878318043464e-09,0.07436146822406045,0.04851818536391943,0.45889021111199507,0.4588902089193098
456,2.032157084420383e-06,9.050602964943801e-09,0.07423809504704382,0.04841833437625058,0.4588902110477962,0.4588902089193021
457,1.9876364443200017e-06,8.76157699707423e-09,0.07411696850081065,0.048318676787846224,0.4588902109808447,0.4588902089192947
458,1.9437128721621414e-06,8.480454659912293e-09,0.07399694479929061,0.04822019382270529,0.45889021092096305,0.4588902089192877
459,1.9002028129751442e-06,8.21203064056561e-09,0.07387671755823129,0.04812212893359339,0.4588902108621139,0.4588902089192808
460,1.85810896347988e-06,7.947726971759035e-09,0.07375851868715501,0.04802397287082359,0.45889021080448505,0.4588902089192744
461,1.8154360977374879e-06,7.688805801230793e-09,0.07363496967690555,0.04792566605718522,0.458890210745448,0.45889020891926846
462,1.7753799896528385e-06,7.445064169113989e-09,0.07351253968910665,0.04782628839858305,0.45889021069126146,0.45889020891926274
463,1.735148459263403e-06,7.207179384552676e-09,0.07339730743724411,0.04772863022253771,0.4588902106395768,0.45889020891925725
464,1.6973271662261041e-06,6.973116790723857e-09,0.0732780837885598,0.047630973305432464,0.4588902105879232,0.45889020891925203
465,1.6610925969616624e-06,6.748854392027083e-09,0.07315928868494034,0.047534542615388066,0.45889021053725615,0.45889020891924703
466,1.6247612833120441e-06,6.532785649556499e-09,0.07303421447636883,0.0474367486413861,0.45889021049021544,0.45889020891924226
467,1.5895711291379996e-06,6.322422119234349e-09,0.07291808708329597,0.047340998923322025,0.4588902104397894,0.4588902089192377
468,1.5559650759864112e-06,6.121334399262001e-09,0.07279806895912835,0.047244758075867345,0.45889021039477795,0.45889020891923327
469,1.5215141341391048e-06,5.923693587393653e-09,0.0726770547754648,0.047149032536185895,0.45889021035187794,0.45889020891922927
470,1.4875215404200436e-06,5.734642146803542e-09,0.07255959131703837,0.04705182455416176,0.45889021030941163,0.4588902089192254
471,1.4549472316753622e-06,5.548256052932642e-09,0.07244049376814875,0.04695666789793353,0.45889021026831056,0.45889020891922155
472,1.4226577383279938e-06,5.370363561576757e-09,0.07232314313849744,0.04686110633170095,0.45889021022885734,0.45889020891921817
473,1.3917784239175268e-06,5.198100293697801e-09,0.07220198975945177,0.04676717633758623,0.45889021019008397,0.4588902089192149
474,1.360881238053666e-06,5.030120717950318e-09,0.07208846280758238,0.04667253715845263,0.4588902101528462,0.4588902089192115
475,1.3316490265600496e-06,4.868845833489528e-09,0.07197201777634862,0.04657865592328796,0.45889021011797426,0.4588902089192085
476,1.3020192589518507e-06,4.7146300940852904e-09,0.07185277953694438,0.046483877730889946,0.4588902100827125,0.45889020891920573
477,1.2734494228092746e-06,4.563474074533315e-09,0.07173418216435658,0.04639100167677812,0.4588902100486688,0.4588902089192029
478,1.2460840810057975e-06,4.416418070204705e-09,0.07161776004132452,0.04629786509267354,0.45889021001285635,0.4588902089192003
479,1.218522257459814e-06,4.27469170977002e-09,0.07150221797561154,0.04620483789707688,0.45889020998166385,0.45889020891919785
480,1.1920743706314012e-06,4.1376659967112356e-09,0.07138757770751288,0.046111692468877,0.45889020994847396,0.4588902089191954
481,1.166358731165309e-06,4.005694931884402e-09,0.07127570426440363,0.046018022250437184,0.45889020991965246,0.4588902089191932
482,1.140186522643993e-06,3.877382865714743e-09,0.07116038092044012,0.04592526393922852,0.458890209889394,0.4588902089191911
483,1.115034767415401e-06,3.752752345542823e-09,0.07104636419760671,0.04583202838953462,0.458890209860093,0.45889020891918897
484,1.0913950642614339e-06,3.6334366568150538e-09,0.07093306850830657,0.04573956611689563,0.458890209833233,0.4588902089191871
485,1.0681586142017963e-06,3.516589467948296e-09,0.07082184577135384,0.04564779409428322,0.45889020980515083,0.4588902089191852
486,1.0451707908541396e-06,3.4043534747328455e-09,0.07070842885996396,0.04555620598570377,0.4588902097799883,0.45889020891918353
487,1.0235952743313392e-06,3.29523130441583e-09,0.07059674591034033,0.04546357255318669,0.4588902097541935,0.45889020891918164
488,1.0007609019437378e-06,3.1900099990973613e-09,0.07048404757812785,0.04537225072800747,0.4588902097316633,0.45889020891918014
489,9.790240682909045e-07,3.088599030873226e-09,0.07036937913972602,0.04528260651185807,0.45889020970673416,0.45889020891917853
490,9.583533673509257e-07,2.9905563928195637e-09,0.07025725775003161,0.04519193489453464,0.45889020968338146,0.45889020891917714
491,9.368519319103783e-07,2.895059749613659e-09,0.07014662629005793,0.04510192494596796,0.4588902096607447,0.4588902089191757
492,9.163337369007198e-07,2.8028784889773883e-09,0.07003552741943365,0.045011769999798515,0.4588902096392721,0.4588902089191745
493,8.969341673790061e-07,2.7126412529144016e-09,0.06992129140380134,0.044923210625251606,0.45889020961781757,0.4588902089191732
494,8.768903202526435e-07,2.6257237913396815e-09,0.06980164935462163,0.04483355258495211,0.4588902095978796,0.458890208919172
495,8.58456271624839e-07,2.5408822954230073e-09,0.06969219490437831,0.044745253506319436,0.45889020957809573,0.458890208919171
496,8.401221818846199e-07,2.4601678229476776e-09,0.0695801577652176,0.044656541814751094,0.4588902095579881,0.4588902089191699
497,8.218890810984591e-07,2.381696121452084e-09,0.06946951841384078,0.04456883489764588,0.45889020953948656,0.45889020891916876
498,8.039837062848769e-07,2.3049899698196754e-09,0.06936001191770329,0.04448115493105949,0.45889020952093607,0.4588902089191677
499,7.864239787567797e-07,2.2316409473215162e-09,0.06924895697527345,0.044392130676818874,0.45889020950288034,0.45889020891916676
