,iht1,kziht1,iht2,kziht2,iht3,kziht3,iht4,kziht4,iht5,kziht5
0,9.11203643003742,0.5654204117764536,12.666890761368862,0.5704199463007812,16.030970002206267,0.584005646306657,19.999843771713955,0.6016155284353281,23.71552738682296,0.6280575195889155
1,2.8519413637296243,0.32722628675167215,6.063565283297151,0.338378295615668,9.942155493959062,0.35981068011041645,15.444007706835944,0.3899863943926688,22.120751512476723,0.4311004089424342
2,0.9754946530914254,0.19327544437940028,3.195045627604319,0.2089275255191113,7.299658291809281,0.22890363836862593,14.416217067217612,0.2643301021743737,24.85475437362045,0.3100956538592103
3,0.2738136861333236,0.11657338492984012,1.3808451929535333,0.1316330781881667,5.306567035116053,0.1504805623093099,14.317304371715382,0.1845912680130708,29.3454910611272,0.23059234269219153
4,0.07392648243132176,0.07045586990057455,0.5214645116804802,0.08450197452315907,3.545736594608203,0.10132017603012469,14.685860047205185,0.1317687007498105,36.6377089459442,0.17494005258405493
5,0.021675902066528377,0.04300518614691641,0.2104201103297309,0.054852166991361646,2.3368309770449263,0.06951227374285758,15.36653051010444,0.09565368313713271,46.53725237981812,0.13513636450111213
6,0.006435045007506389,0.02641751019758991,0.09407690651896529,0.03612124096459592,1.4993046968969752,0.04837332279521526,16.357673118979594,0.069995370884629,61.51519783179343,0.10580036092653174
7,0.0021390507802132573,0.016343545835318985,0.04527227693296542,0.02409751327381769,0.9343084085403168,0.0338837244214098,17.56269313039802,0.05181056309610792,82.45698122163581,0.0832646528915637
8,0.0007203217484598716,0.010201214746149401,0.022803353679095015,0.01618448869431096,0.5739308528146752,0.024013975584430233,19.191079227423256,0.03866068384405561,113.61684897518587,0.06602412950159425
9,0.00025105976210246304,0.006419627711750268,0.01185022756957915,0.010869220609171424,0.36192146486953525,0.01708320549336644,21.033851340713742,0.02902895290401735,158.4271158715763,0.05273106631383848
10,9.074861722379668e-05,0.004074423843038457,0.006294478507556501,0.007378873476750861,0.23656948273280246,0.012250060630645954,23.501188055918625,0.02191990257722054,225.07483719777963,0.042487482832548364
11,3.34803765646703e-05,0.0025923853751530237,0.0033980100245310156,0.005032939349607583,0.15959163409871255,0.008833963396439848,26.286742316596538,0.01669201296642482,323.13041271196715,0.034317471267369025
12,1.2532771558414474e-05,0.001662085113621929,0.0018574022697695517,0.0034415299448373343,0.11041098503190326,0.006396578861116258,29.995221861594437,0.01268360946600066,470.02400143466525,0.02777483737083951
13,4.744783659244862e-06,0.0010697355545331464,0.0010255909667002165,0.0023667439098445063,0.07801450235969294,0.004663794019603533,34.203403638350295,0.009710149708677625,689.529756738102,0.022574765909899423
14,1.8130323939586587e-06,0.0006914656460987373,0.0005711142987286606,0.0016259190436347087,0.05603234969550493,0.003403114400476577,39.705013075064855,0.007452703765974447,1020.7718588667626,0.01841558656413625
15,6.982053974182411e-07,0.00044570136127494665,0.0003203904251867035,0.001120544132270976,0.04078810301350635,0.002487134453324632,46.04466211080622,0.005737058779350676,1521.4466707164208,0.015049152908992605
16,2.706933304969795e-07,0.00028898984483293605,0.00018092670846484387,0.0007776042917223289,0.030002640572962293,0.0018219429514700137,54.201776304144886,0.004418113220142203,2283.299683592044,0.012327046475837695
17,1.0556578508211216e-07,0.00018751244397644125,0.00010279050631102224,0.0005376020422909143,0.022265709862403484,0.001339700294658206,63.82588731922089,0.0034199307027545996,3445.670453676654,0.010138831394201419
18,4.1383866171935226e-08,0.00012233625743819336,5.872861483136629e-05,0.00037387022694801707,0.01664253297415309,0.0009870033849607518,76.14942067920094,0.002647221863787172,5226.59356777064,0.008336777978167299
19,1.6299290306129687e-08,7.963222360463593e-05,3.3733317759870713e-05,0.0002593012097637534,0.012518849217454324,0.0007263633282421382,91.03092608937662,0.0020513773731679684,7962.0697554073495,0.00686435574681585
20,6.446834532297955e-09,5.19309925022908e-05,1.947485862282085e-05,0.0001803291883572547,0.009467548488783041,0.0005367215011455247,109.97906345813544,0.0015980321915109142,12178.30521004049,0.005669930736484729
21,2.5598108814369954e-09,3.386558424259196e-05,1.129823614475099e-05,0.0001264096540387445,0.007195390244327402,0.0003960870149298607,133.1564864685086,0.0012442413460288934,18696.896250047816,0.004686662310855348
22,1.02004984308368e-09,2.208721341966988e-05,6.585599769833812e-06,8.850403382319693e-05,0.005492260099364471,0.00029374776622881853,162.65104816134397,0.0009715014420776247,28807.057478098628,0.003869887785404567
23,4.0782616054260275e-10,1.4518137415032089e-05,3.856247154694053e-06,6.197943590978578e-05,0.0042094002874699995,0.00021767127486602516,199.34457908354943,0.0007585977161118897,44530.23106817438,0.003206823868412385
24,1.635579615398171e-10,9.581032639559628e-06,2.2680894918470847e-06,4.3434269865496084e-05,0.0032381422507722296,0.00016190314069128753,246.13439672830745,0.00059268272458602,69046.2759883531,0.0026517877770670466
25,6.578478176119963e-11,6.312553694756646e-06,1.3397544699143746e-06,3.055682787169612e-05,0.0024998309881232605,0.00012050890161990153,305.04182558439186,0.0004644916466318859,107365.45290185857,0.0022006379657173183
26,2.6531340472616873e-11,4.151552753288028e-06,7.947023758185207e-07,2.1409984606721422e-05,0.0019362286950114734,9.008824787145724e-05,380.37372089197095,0.0003645652536620462,167392.57013364657,0.001828414399217542
27,1.0727571237074335e-11,2.7304284408538587e-06,4.733066382357705e-07,1.5053664136947636e-05,0.0015044843943341334,6.698632960180135e-05,476.15067995280975,0.00028604355555725703,261638.56314687151,0.001520295767770935
28,4.3480065352913e-12,1.7980597623312732e-06,2.8299771307675224e-07,1.0535051679380376e-05,0.0011725467325884194,4.990820522110885e-05,599.2470080177656,0.00022506647990765447,409905.60598636867,0.0012643787389531045
29,1.766269878733605e-12,1.1834855952928802e-06,1.6985082756009502e-07,7.406585150310191e-06,0.0009165339542483962,3.720836275786695e-05,757.1230756068511,0.00017696943120556078,643631.6364202214,0.0010525152086326445
30,7.190726773283448e-13,7.828958058784683e-07,1.0231454075977575e-07,5.23421343955029e-06,0.0007184369960245421,2.7724053470149123e-05,961.028087976221,0.00013910138842626818,1012689.9704651961,0.0008796771879605548
31,2.9333192381934046e-13,5.183016062135532e-07,6.184875866698193e-08,3.6871422137863277e-06,0.0005647024244864824,2.073420117682284e-05,1224.0926846423745,0.00010962724022098862,1596358.877787534,0.0007358718023221672
32,1.1989851627567615e-13,3.436001839200722e-07,3.751336701527448e-08,2.600278146483076e-06,0.00044503858293769,1.552100586411701e-05,1564.9459268844812,8.620183852124162e-05,2520657.849171939,0.000614375525040931
33,4.917258566417334e-14,2.2759544755633585e-07,2.282647246413668e-08,1.8395636108161326e-06,0.0003516357473587143,1.1599850680575957e-05,2006.3122124179254,6.807859738089015e-05,3986188.554578996,0.0005135650630946316
34,2.0253497092277743e-14,1.5091058154987045e-07,1.3932356820773761e-08,1.304005370745358e-06,0.0002785268383678771,8.702326723426728e-06,2579.315545133418,5.389218921723511e-05,6312427.597898612,0.000429002179362838
35,8.457464137989044e-15,9.977760295829225e-08,8.528608736972504e-09,9.211365227771594e-07,0.00022115131563531728,6.513056788246076e-06,3324.510343793941,4.238532557835253e-05,10008666.924488781,0.00035936047284563794
36,3.657651287134925e-15,6.60326753160083e-08,5.235211674772537e-09,6.538863152378605e-07,0.00017600459215666835,4.886324750816154e-06,4296.497646269997,3.337565616841408e-05,15887326.144357143,0.00030029149995425026
37,1.6649628596463338e-15,4.397709379825449e-08,3.222015639883947e-09,4.653632365716184e-07,0.000140390940292276,3.6589703957300123e-06,5566.218034281305,2.632509938191831e-05,25246094.69917693,0.00025177518820349167
38,8.68277095549866e-16,2.927347221566001e-08,1.987897415869677e-09,3.2857232013322524e-07,0.0001122274627467623,2.7430919285104703e-06,7229.943194286557,2.0816558201593433e-05,40158913.01906915,0.0002103890621328157
39,6.158459160937855e-16,1.945515967115318e-08,1.2293339794653895e-09,2.329882581687325e-07,8.990248246780585e-05,2.0579710025902237e-06,9414.444251047147,1.6469880087879873e-05,63940733.62456872,0.00017642347754203604
40,4.0984380865812445e-16,1.2995314789634726e-08,7.618921673464009e-10,1.6524270666141959e-07,7.216413636356979e-05,1.5461626927886763e-06,12290.631155324685,1.3019214066282677e-05,101892589.77680579,0.00014765135710972005
41,4.429648720889775e-16,8.669967313283868e-09,4.731563185973556e-10,1.1701243147114916e-07,5.8038361516836394e-05,1.1629472707569633e-06,16087.672395340422,1.0332554764941207e-05,162498857.98439607,0.0001237992850322882
42,3.832353319342311e-16,5.751403556757852e-09,2.9440495884404054e-10,8.32087165542329e-08,4.676468195438553e-05,8.785636441646835e-07,21115.7533126291,8.148143953526571e-06,259343481.879885,0.00010367652549232369
43,4.1673845997595263e-16,3.820907553542767e-09,1.8350975915456432e-10,5.8650689423412696e-08,3.774823237754347e-05,6.581036627088399e-07,27789.986307108527,6.462146715946592e-06,414189754.60657614,8.695916083466756e-05
44,3.991647131780666e-16,2.558660564918479e-09,1.1457603324464902e-10,4.172194824695628e-08,3.052227518468714e-05,4.950881143338645e-07,36664.01251878205,5.13400153754403e-06,661932005.5632575,7.307842433713254e-05
45,4.15248090043007e-16,1.7076492627032329e-09,7.1646878178582e-11,2.967915945580476e-08,2.4719860156374473e-05,3.719236422789237e-07,48478.73409965827,4.069431672346755e-06,1058542679.7189202,6.123766076967289e-05
46,3.515572221778723e-16,1.1513446946834467e-09,4.486641112531625e-11,2.1097074854173465e-08,2.005168757688784e-05,2.7988327251615006e-07,64228.558594935035,3.23771253051564e-06,1693871563.0326748,5.139928580913978e-05
47,3.846447634055188e-16,7.65468228683745e-10,2.8133310858658142e-11,1.506297053850677e-08,1.628920511912575e-05,2.1034977549826025e-07,85248.70761152057,2.573954017978568e-06,2712188733.3534,4.327040669955485e-05
48,3.687587785759555e-16,5.120856968391178e-10,1.7662594376746992e-11,1.0699275029549555e-08,1.3251389294544238e-05,1.5838630103528782e-07,113336.35786758678,2.0389101936692336e-06,4345149090.65133,3.6381010338402114e-05
49,4.3917380874250005e-16,3.4150982595271694e-10,1.1101420648376524e-11,7.609196018163952e-09,1.0794567069294517e-05,1.1938014181341583e-07,150911.09485785716,1.618901738274887e-06,6965034338.091422,3.0612097333262074e-05
50,3.7707387487170235e-16,2.2711662953927937e-10,6.984956556938528e-12,5.444277911452183e-09,8.804439061190302e-06,8.968213309356513e-08,201202.7210534234,1.286540227773468e-06,11170104624.00913,2.573125797424962e-05
51,3.5766960545630616e-16,1.5179074573867747e-10,4.399115599540083e-12,3.8871764225670185e-09,7.189892173029551e-06,6.754137876114737e-08,268701.0238551874,1.022809478262689e-06,17922696554.407387,2.1636779016675916e-05
52,3.4637403520413143e-16,1.0136472235884674e-10,2.7731621995756268e-12,2.7732108753810557e-09,5.878136799730027e-06,5.08895817170981e-08,359341.96074663184,8.121147782366378e-07,28770814828.637558,1.82415702954859e-05
53,4.742489763837828e-16,6.776342005479502e-11,1.749663667749368e-12,1.9655591349067085e-09,4.810910204002204e-06,3.850097949640664e-08,481187.85386406304,6.468485259275081e-07,46207358387.67881,1.5363364462711803e-05
54,3.9305849839016494e-16,4.544393092453712e-11,1.1049026480100565e-12,1.4030662237307478e-09,3.941482846932037e-06,2.911007076703935e-08,645152.6037375819,5.145215800166544e-07,74247994167.71954,1.294818411699244e-05
55,3.997587757396538e-16,3.041888543678508e-11,6.984332197968151e-13,1.000385575878849e-09,3.2323072427366685e-06,2.2071800114040592e-08,866020.7616336762,4.07382066993754e-07,119371749842.2591,1.0869884016103157e-05
56,4.1874927479537775e-16,2.0415171697422945e-11,4.41816210787113e-13,7.131870233348226e-10,2.653157457012974e-06,1.6662282251310286e-08,1163831.0280920207,3.25136005954626e-07,192039461529.4312,9.156107381532341e-06
57,3.958011300506081e-16,1.3702489294478603e-11,2.800424705333863e-13,5.050818703535609e-10,2.1796600180113753e-06,1.2535431399704245e-08,1565774.7532328696,2.579729468566813e-07,309164558505.7465,7.705335860655876e-06
58,4.091414156389134e-16,9.184676229698652e-12,1.775745067227633e-13,3.599651812109155e-10,1.7921271054200129e-06,9.491171996542844e-09,2108770.6763599543,2.049757091504215e-07,498074493723.32056,6.49587904213248e-06
59,3.9734074950803274e-16,6.1944167061504016e-12,1.1302917648545981e-13,2.5737684617651026e-10,1.474630637937339e-06,7.130955471875687e-09,2842998.890795616,1.6296121545295152e-07,802950448507.962,5.458903703039738e-06
60,3.819043577930549e-16,4.18239668651752e-12,7.217472421482622e-14,1.832802834454727e-10,1.2142641385800216e-06,5.384314192125119e-09,3836691.998674655,1.2957237325042108e-07,1295271950904.9102,4.6023973241498615e-06
61,4.144109509717972e-16,2.809601204287793e-12,4.649103571737964e-14,1.3065010047421263e-10,1.0005543163386638e-06,4.065596217487399e-09,5182718.972182136,1.0322321472333333e-07,2090739129591.8018,3.874681459516877e-06
62,3.961661734563751e-16,1.885036141059806e-12,3.013950072101624e-14,9.30668805739782e-11,8.249902632868658e-07,3.0647154777480598e-09,7007538.65344698,8.220248361084791e-08,3376885234502.0923,3.260054195368681e-06
63,3.4994621257945707e-16,1.2627315431054503e-12,1.9902655012003046e-14,6.633917512934934e-11,6.806465628811255e-07,2.3190262207437683e-09,9483492.036338879,6.542369939031173e-08,5457665219022.804,2.7473063725068338e-06
64,3.8999491978593377e-16,8.409292196237874e-13,1.3308331844544028e-14,4.7329470286800945e-11,5.618806664890726e-07,1.7447249731064844e-09,12845566.292666981,5.2222905998912e-08,8826623772674.023,2.3197325893984167e-06
65,4.2671676515920653e-16,5.665602801174736e-13,9.269237504084925e-15,3.386294652924022e-11,4.640896933281698e-07,1.3206446195583124e-09,17414395.25380417,4.167315568755092e-08,14284754773723.324,1.9584516729211034e-06
66,3.8265721605410616e-16,3.805478234882589e-13,6.606325697874652e-15,2.418986642173429e-11,3.8351449645524736e-07,9.962399775649544e-10,23627703.136088952,3.320507283208587e-08,23134815837745.76,1.6536190074510422e-06
67,4.992493156674589e-16,2.552651785100964e-13,5.054756068269787e-15,1.732686667130311e-11,3.170816410254804e-07,7.545642641127984e-10,32083389.658020653,2.6525823620829015e-08,37493332406043.23,1.3958052046524897e-06
68,3.749389515179378e-16,1.7065351689918605e-13,3.9719745274482145e-15,1.237428962731138e-11,2.622756893419303e-07,5.727256157817857e-10,43598595.8470285,2.1111848646956855e-08,60802415691471.33,1.1788471901035692e-06
69,4.670527963259955e-16,1.151944748020307e-13,3.4637639784287056e-15,8.767637939409002e-12,2.1703586349241595e-07,4.3275281135266497e-10,59290078.62001392,1.682379902162643e-08,98658495946915.81,9.961404655410582e-07
70,4.1678487803929524e-16,7.811593419187127e-14,3.0372531961612045e-15,6.251648224660824e-12,1.7967227695996774e-07,3.28738150228952e-10,80685252.54822761,1.3418268316061711e-08,160169117725900.2,8.419762654970668e-07
71,3.9649596609524203e-16,5.244301238505775e-14,2.6096650152479912e-15,4.448989079887736e-12,1.4879795558738445e-07,2.4883432101969436e-10,109873547.01304401,1.0773897986295288e-08,260159329364905.75,7.127682546205506e-07
72,4.72474218146541e-16,3.527650127563842e-14,2.413958820209638e-15,3.1764731110558738e-12,1.2327358077911394e-07,1.8816498771960008e-10,149715261.74333042,8.609387857721463e-09,422776214818559.2,6.01816280842153e-07
73,3.8012169502471096e-16,2.3790044015433423e-14,2.3325210915966577e-15,2.2721495025364907e-12,1.0216252527154881e-07,1.424724872919219e-10,204126834.39465868,6.8367328809022595e-09,687364162385990.4,5.09561255603562e-07
74,3.466274083400342e-16,1.6091614069767824e-14,2.3614052986898956e-15,1.6222033135203598e-12,8.469421295664962e-08,1.0809663346591914e-10,278473553.35504305,5.481274834451706e-09,1118060880070995.9,4.3025528655118916e-07
75,3.5497694465043804e-16,1.0948659978428742e-14,2.1639974843750282e-15,1.1604317920860739e-12,7.023422927546588e-08,8.207710861947255e-11,380107599.0075,4.3691913991603545e-09,1819460968897965.8,3.644038327014634e-07
76,4.09409880418665e-16,7.657492992400942e-15,2.1335543236637175e-15,8.286616998186426e-13,5.825991015517968e-08,6.214873047348915e-11,519107965.98124295,3.4689728433089947e-09,2962207929539006.5,3.0788187956619437e-07
77,3.7580260677848764e-16,5.361177601131828e-15,2.1096016494078146e-15,5.95664957747129e-13,4.834038392973696e-08,4.7151461523861415e-11,709296001.9533772,2.775446094273354e-09,4824812774797103.0,2.604362553784213e-07
78,4.3986176276798477e-16,4.005398184064794e-15,2.1363524573878477e-15,4.2489306192951667e-13,4.012023655226658e-08,3.570375367142924e-11,969630660.9216214,2.217070642098598e-09,7862020970783642.0,2.2051994428432662e-07
79,3.740799105994711e-16,2.9884401647838246e-15,2.2681869286527357e-15,3.0472745178364187e-13,3.330613124560232e-08,2.7076034157340438e-11,1326127994.9476368,1.7581947375016818e-09,1.2816633794586624e+16,1.8664882506596872e-07
80,3.8548268594065137e-16,2.371535814292376e-15,2.1914992680630104e-15,2.1811672819040403e-13,2.765583575222218e-08,2.0518455044417864e-11,1814496958.1843276,1.4057636703986712e-09,2.090246230149879e+16,1.5807320301003473e-07
81,4.2575590014044307e-16,1.9298356362031496e-15,2.2443125763628794e-15,1.5584735052922517e-13,2.296921809665874e-08,1.562963915997032e-11,2483765452.974375,1.1226221065505413e-09,3.4103827435774388e+16,1.336280495195931e-07
82,3.690211728015857e-16,1.6090430711560838e-15,2.3208051104523774e-15,1.1102495796006586e-13,1.9080849853661303e-08,1.1895057237128086e-11,3401266090.442011,8.946088658967541e-10,5.566595590598012e+16,1.1297863901920157e-07
83,4.0253118819538423e-16,1.4140017347120318e-15,2.0801510750041473e-15,7.945238227498912e-14,1.5853927234408302e-08,9.026468262504965e-12,4659495645.039784,7.156278962557463e-10,9.089842832341813e+16,9.563034471130691e-08
84,3.725407683486041e-16,1.3842640646818534e-15,2.285953644492997e-15,5.706758186638261e-14,1.31752690778709e-08,6.849608689294783e-12,6385551113.851,5.71260637176737e-10,1.4849177818592115e+17,8.091855530539389e-08
85,3.553061186713061e-16,1.4028144190764182e-15,2.2913042803278163e-15,4.0806595772398185e-14,1.0951200298236523e-08,5.180058971904119e-12,8754116833.84207,4.5659571100484244e-10,2.42676347391628e+17,6.849065168962818e-08
86,3.888930473365547e-16,1.3492186055425816e-15,2.2271736058218373e-15,2.929892626837315e-14,9.104160557723537e-09,3.9262184684911485e-12,12005334372.071436,3.64938086750313e-10,3.967628351433451e+17,5.808046352520955e-08
87,3.958048719810175e-16,1.2734162401531226e-15,2.191973598156891e-15,2.1070888052760106e-14,7.569908973957802e-09,2.9896833810987996e-12,16469410364.352943,2.9148001002342457e-10,6.489523861678202e+17,4.9023623271005497e-08
88,4.4294656550628093e-16,1.3866254884483836e-15,2.254506263728546e-15,1.5110880864060776e-14,6.295217773740667e-09,2.2572706437659086e-12,22600486181.468327,2.3310348582356073e-10,1.061873204591316e+18,4.142815624600254e-08
89,4.2879496311536323e-16,1.3526379237467503e-15,2.2224230882292125e-15,1.098088048865142e-14,5.235971117485588e-09,1.7190641887282622e-12,31023292399.59038,1.8607471413813723e-10,1.7382425687564055e+18,3.505898516605461e-08
90,4.016383792232621e-16,1.3026748838274478e-15,2.2195342739204214e-15,8.07414647018574e-15,4.355593101663012e-09,1.3079931323430452e-12,42597386019.03984,1.4892248422030588e-10,2.846595108652204e+18,2.96051903111557e-08
91,4.4251206772384977e-16,1.3507937172802201e-15,2.186558840190058e-15,5.981682278350758e-15,3.623750970257683e-09,9.906041278903704e-13,58505657269.83237,1.1869645105899079e-10,4.663570035047797e+18,2.5098627416895325e-08
92,4.3327947135502885e-16,1.3266687148955295e-15,2.2427554147681587e-15,4.555947572731769e-15,3.015281615073493e-09,7.526874418229935e-13,80376254287.63516,9.487617116239323e-11,7.643433281911526e+18,2.1294101561990112e-08
93,3.66575293836119e-16,1.3173032203515095e-15,2.2628632312858946e-15,3.605609339817563e-15,2.5093060418842343e-09,5.730933958813024e-13,110450578988.61934,7.588615414644626e-11,1.2532435523714013e+19,1.802255390042317e-08
94,3.8621061171012803e-16,1.3533025394044067e-15,2.0842516811199955e-15,2.9442355288895524e-15,2.0884949361231403e-09,4.3791195568930596e-13,151814763103.15457,6.097422867578213e-11,2.055697392443822e+19,1.5217076568820235e-08
95,3.9963104861338813e-16,1.2621828489945171e-15,2.3466886439998736e-15,2.4957791224033064e-15,1.7384624970144109e-09,3.330995564736108e-13,208718783767.81946,4.89999665787874e-11,3.373334482149427e+19,1.2888244919870203e-08
96,3.610820405052582e-16,1.2238568383837507e-15,2.1597680612362854e-15,2.2526532523479717e-15,1.4472624354921524e-09,2.53600439074576e-13,287016231154.97687,3.9247209395501286e-11,5.537780374451822e+19,1.0924059033142798e-08
97,4.27037632633392e-16,1.3037257066783238e-15,2.1926567111792463e-15,2.092274004523726e-15,1.2049738084463088e-09,1.9216565588713185e-13,394770671017.1781,3.129705288867952e-11,9.094684786082026e+19,9.26784829872351e-09
98,4.2693203194428885e-16,1.3566642277258837e-15,2.4397235612001393e-15,1.9898888414424084e-15,1.0033549752962965e-09,1.4588824405310966e-13,543091534590.9894,2.4958565507763684e-11,1.4942189834281835e+20,7.856379849023418e-09
99,4.040655180702106e-16,1.3246406758139294e-15,2.102813303622235e-15,1.9040617359794486e-15,8.355581321895388e-10,1.1058885879930674e-13,747286863025.5804,1.993322926685229e-11,2.4559202580922574e+20,6.6543207123044515e-09
100,3.6138706339581223e-16,1.3924899176300081e-15,2.144718517114936e-15,1.8805273526140566e-15,6.958927711062474e-10,8.407118735491243e-14,1028452833648.4017,1.596374040855447e-11,4.038183190076853e+20,5.642643214865791e-09
101,4.495372135930704e-16,1.3991973037593234e-15,2.1604964396333435e-15,1.8379495827540186e-15,5.796291760205909e-10,6.384461891308986e-14,1415666112787.6838,1.2799280919921678e-11,6.642440398875817e+20,4.782411754739716e-09
102,3.915248202696346e-16,1.3889170508212768e-15,2.0983205328919377e-15,1.8747383692750897e-15,4.828352540788206e-10,4.8350107671282e-14,1949007457778.8857,1.022383634687543e-11,1.0930432212404724e+21,4.057045307735277e-09
103,3.648661850558383e-16,1.3791026681075605e-15,2.27020179429894e-15,1.8296726510779665e-15,4.022424752899453e-10,3.702565334614194e-14,2683733090377.545,8.19992050705152e-12,1.7993395403513788e+21,3.4323560996105434e-09
104,3.63066008024126e-16,1.3946134308477827e-15,2.4608176018111872e-15,1.7965612928437094e-15,3.3513141075029147e-10,2.8278180131830004e-14,3696028889124.1113,6.5672696355206416e-12,2.963149994188697e+21,2.9104409648954173e-09
105,3.955828601957059e-16,1.4399064973656927e-15,2.0928985446515803e-15,1.9072109218481243e-15,2.7924173306147347e-10,2.170386353905769e-14,5090949964857.344,5.252608551653967e-12,4.881544202930597e+21,2.463872156027443e-09
106,4.1182519144504054e-16,1.4340102354623371e-15,2.348243492634441e-15,1.84242121757469e-15,2.3269210276985913e-10,1.6671259261416167e-14,7013375267395.305,4.207126313168394e-12,8.044936577511153e+21,2.089890633472493e-09
107,4.1034529684347343e-16,1.4678715832432102e-15,2.318384312659674e-15,1.7997990686403102e-15,1.9391831157181153e-10,1.2836472404376023e-14,9663124786283.158,3.3906497392579367e-12,1.326320417752527e+22,1.7739008457913688e-09
108,3.548351029827157e-16,1.423220148570827e-15,2.2276743652651115e-15,1.875061559187048e-15,1.616182403334086e-10,9.927396272822098e-15,13315821795578.66,2.7208653889200466e-12,2.187426783580813e+22,1.5069519945073444e-09
109,4.642895365398331e-16,1.4466441218987444e-15,2.248029494258185e-15,1.7714140719321978e-15,1.347086156290931e-10,7.711442256406349e-15,18351686224140.945,2.183249616763366e-12,3.60891424736489e+22,1.2774587187235533e-09
110,4.251863162099266e-16,1.4768905125658953e-15,2.362514165463409e-15,1.86417334356857e-15,1.1228813646984807e-10,6.154712125573013e-15,25295274955543.34,1.7506754573706647e-12,5.9562973539866964e+22,1.0855184330885847e-09
111,4.03534327275268e-16,1.4909000876647414e-15,2.2326788241694033e-15,1.9099194799315085e-15,9.360613262894493e-11,4.972210090951327e-15,34870337705804.22,1.405457048604041e-12,9.834033917633294e+22,9.193914447994241e-10
112,4.3938561805238666e-16,1.4496167120230262e-15,2.3222024585371865e-15,1.8591235830604315e-15,7.803823456758255e-11,4.04307920949282e-15,48075534965073.78,1.12882208928926e-12,1.624206741171012e+23,7.799061552034827e-10
113,4.3946010682339166e-16,1.4418557590512073e-15,2.3423098216749986e-15,1.8816596354139303e-15,6.506380163355858e-11,3.379669080234998e-15,66288972676347.95,9.01391157862669e-13,2.6835143894303068e+23,6.610456524746219e-10
114,4.0855950333807263e-16,1.3964919363108825e-15,2.2373600410788084e-15,1.8190534920889376e-15,5.4250814656372086e-11,2.9574853034575426e-15,91412521272451.9,7.179667115776887e-13,4.435251485358907e+23,5.599691934701724e-10
115,4.3997049578584163e-16,1.41367186695065e-15,2.1628636961963387e-15,1.8217127704945902e-15,4.523768786729322e-11,2.611772878008034e-15,126071075925523.66,5.752400070639318e-13,7.33302179426958e+23,4.763461049089186e-10
116,4.1570513886094386e-16,1.4023374059457069e-15,2.229728478463341e-15,1.8002108380614264e-15,3.772456118703077e-11,2.462760676005567e-15,173887688557822.38,4.611712439012546e-13,1.2128210630685944e+24,4.0519707790725794e-10
117,3.6437618122003636e-16,1.4573524250205104e-15,2.330110074506884e-15,1.8551515678726696e-15,3.146165455922455e-11,2.2769722525617394e-15,239863481542194.56,3.7065394612001457e-13,2.006587813406951e+24,3.432131353317792e-10
118,3.611437073421681e-16,1.5192821067154428e-15,2.201935658721945e-15,1.818649733126184e-15,2.624044009090238e-11,2.207962296634659e-15,330902275137239.75,2.9611623329872887e-13,3.320976924309239e+24,2.9091742485682995e-10
119,4.090418135811229e-16,1.4257888913618822e-15,2.268927839193188e-15,1.7405087551735358e-15,2.188665714979502e-11,2.1850546329741743e-15,456535106920195.8,2.379671715781699e-13,5.498172918397228e+24,2.475200403869445e-10
120,3.869673735157138e-16,1.4642109406241014e-15,2.310887602204142e-15,1.7561343246762012e-15,1.8256423740723766e-11,2.0700743799773314e-15,629920823988983.0,1.898574223815197e-13,9.105719841668997e+24,2.1065443436662576e-10
121,4.171021955646935e-16,1.4430283634962353e-15,2.1857527518634653e-15,1.7749486867012845e-15,1.522958089993868e-11,1.985249176454545e-15,869228057691586.1,1.5206248021759886e-13,1.5085234653142362e+25,1.78385721847302e-10
122,3.5502863672166405e-16,1.4830791492047813e-15,2.389550845885885e-15,1.850325387423614e-15,1.2705529710240121e-11,1.921656536880909e-15,1199543990618631.8,1.2202143322490438e-13,2.4999435479573676e+25,1.5122227445629865e-10
123,3.849858385010449e-16,1.4399892589063673e-15,2.2067324877533772e-15,1.905030007308921e-15,1.0600577902959584e-11,2.0061315283195648e-15,1655510898135599.2,9.812871853825106e-14,4.1442616374284564e+25,1.2863655609914205e-10
124,4.088650581043306e-16,1.4569415350143828e-15,2.1354454331797295e-15,1.9139268212409974e-15,8.844873759724608e-12,2.0413238941533683e-15,2284968076799683.0,7.874114661674723e-14,6.872288177760565e+25,1.0933053156137422e-10
125,3.9614908368993313e-16,1.5495713673195457e-15,2.3190645053900316e-15,1.8914943571489438e-15,7.380434296293294e-12,2.0244603557969054e-15,3153982793426619.0,6.335452074717007e-14,1.1399642417765868e+26,9.311775790860347e-11
126,3.8419547437540916e-16,1.5000361992922832e-15,2.3013518693612754e-15,1.982575847464828e-15,6.158973154766379e-12,2.0495985508998563e-15,4353800264466827.0,5.095500761059597e-14,1.8915382423166543e+26,7.87694375602615e-11
127,4.0781029429407373e-16,1.5054618268122483e-15,2.202022080267047e-15,1.9273012959240805e-15,5.140048279073541e-12,2.049639990326024e-15,6010445216232649.0,4.10232585808883e-14,3.1395792670528e+26,6.700425271668068e-11
128,4.013683711035715e-16,1.5456001421484206e-15,2.2178675256773124e-15,1.8787169469178424e-15,4.290232703463043e-12,1.9960610549931907e-15,8297986777692476.0,3.30346639064708e-14,5.212649766109737e+26,5.684201622189912e-11
129,3.775787491808815e-16,1.4897561224553344e-15,2.278220313858022e-15,1.874967925077829e-15,3.5808924150622185e-12,2.03907788906632e-15,1.1456866129010686e+16,2.6532796035993057e-14,8.65714684757396e+26,4.827094294349325e-11
130,4.23829630097948e-16,1.5311221226169202e-15,2.2882597473798023e-15,1.8151562017959933e-15,2.989742674014537e-12,1.979645748349178e-15,1.5819219300987614e+16,2.1451936373450666e-14,1.4381974158222653e+27,4.090384939266238e-11
131,3.931207547715095e-16,1.520327638600217e-15,2.349929199828727e-15,1.7586289947607792e-15,2.4958985126079982e-12,1.992453572084179e-15,2.1843865016966964e+16,1.733247033260029e-14,2.3899460174433476e+27,3.476858157339281e-11
132,4.494232261825762e-16,1.5139291963897598e-15,2.3079048830283875e-15,1.7637724577555608e-15,2.0840631530975613e-12,2.0113915139522376e-15,3.016465167188063e+16,1.4106412612398033e-14,3.972664746763083e+27,2.9600785610120666e-11
133,3.8891360321674263e-16,1.51803927446836e-15,2.2025912055707747e-15,1.8258673758653843e-15,1.7404255093702865e-12,1.9876046615290323e-15,4.165726470954106e+16,1.1461421156843309e-14,6.605389315681639e+27,2.5138555602732403e-11
134,3.908940921466897e-16,1.4787356124297997e-15,2.2428638777349043e-15,1.8773409978950943e-15,1.4538775889490499e-12,1.9577804918322276e-15,5.753154360576016e+16,9.288438940714688e-15,1.0985910621163724e+28,2.139453426580824e-11
135,3.7928992855526536e-16,1.4729294325703464e-15,2.141651217435771e-15,1.911292985356902e-15,1.214429928391991e-12,1.929665802777862e-15,7.945905922521845e+16,7.758346303157652e-15,1.8276516062179189e+28,1.8196194513587107e-11
136,4.3481337321173313e-16,1.4105610278194234e-15,2.309180077795314e-15,1.825618091917403e-15,1.0147287271949855e-12,1.8989582990668268e-15,1.0974941897867006e+17,6.4864065183897995e-15,3.041369042276819e+28,1.543468675875717e-11
137,4.864866504617002e-16,1.4315351409215182e-15,2.3866655619517265e-15,1.8122773754318402e-15,8.481571221337847e-13,2.0421411315501076e-15,1.5159392407708157e+17,5.514255673946808e-15,5.062464793674285e+28,1.3109592784342395e-11
138,3.7469010727207537e-16,1.4916935562543791e-15,2.3110094822658812e-15,1.8613964633954807e-15,7.088581198388805e-13,1.961676313927236e-15,2.0940231420921418e+17,4.666086625767532e-15,8.428903769361265e+28,1.113108823415795e-11
139,4.1472888219526016e-16,1.5279389182694657e-15,2.21531079017466e-15,1.9128021823356407e-15,5.925765134576465e-13,1.975129138165284e-15,2.892681827135075e+17,4.056942725196391e-15,1.4037690161101437e+29,9.442500691734237e-12
140,4.897806009888516e-16,1.6134234644353423e-15,2.3162453191948205e-15,1.7700974063581224e-15,4.958530160023732e-13,2.077017482408323e-15,3.996122401674065e+17,3.594342141207583e-15,2.3384897692312557e+29,8.016775146615534e-12
141,4.2024135051342667e-16,1.5743994085994806e-15,2.356160523287585e-15,1.855070200012839e-15,4.1541762915061743e-13,2.0826302503336724e-15,5.5207142136438496e+17,3.231979360786494e-15,3.8966402508454245e+29,6.835437376394989e-12
142,4.2107444841450307e-16,1.5380213986760473e-15,2.089586991516017e-15,1.8923090714657836e-15,3.471633386956613e-13,2.1295679876324994e-15,7.627278147298596e+17,2.9121837125364348e-15,6.494719825303278e+29,5.800698953902794e-12
143,4.102117370799402e-16,1.5085024637989402e-15,2.3189352135257596e-15,1.9449525386919465e-15,2.9084950440214756e-13,2.0963629267015235e-15,1.053807359580536e+18,2.735811622000561e-15,1.0827959392480243e+30,4.924106234891226e-12
144,4.1425151039795365e-16,1.5952951276269674e-15,2.203955891388342e-15,1.9609381009804226e-15,2.439251687007784e-13,2.0075222734587065e-15,1.4560279302194683e+18,2.5798586973913824e-15,1.8057176784854235e+30,4.185434522639065e-12
145,3.815428566707859e-16,1.533361864450651e-15,2.201873929367994e-15,2.0019776119668837e-15,2.0475564835129499e-13,1.9956222907010487e-15,2.0118451615206246e+18,2.5256301687407358e-15,3.012110737015243e+30,3.5529874897869484e-12
146,3.794610721046774e-16,1.570236773481763e-15,2.280333587893085e-15,1.975750717264616e-15,1.718476371197464e-13,2.012709319424339e-15,2.779939345270563e+18,2.439093424947578e-15,5.0258536014870404e+30,3.0291449135484132e-12
147,4.0389878018370686e-16,1.5547765755504009e-15,2.376399706255312e-15,1.923765445014795e-15,1.4452049471440513e-13,1.996468867473536e-15,3.841418109290865e+18,2.3354071496596297e-15,8.388132339793982e+30,2.5761171461289338e-12
148,3.6935363128911075e-16,1.562420019344162e-15,2.31973637707901e-15,1.9620218140154605e-15,1.2147689592058938e-13,1.964917178275398e-15,5.308391192734351e+18,2.309668169899037e-15,1.4003427911453463e+31,2.185978469260909e-12
149,3.6056740712741363e-16,1.5142899933201493e-15,2.0102834463516557e-15,1.8956883835485454e-15,1.0279217769881087e-13,1.9713014817425255e-15,7.335824768650894e+18,2.382432821537533e-15,2.3383684174268437e+31,1.856991157498179e-12
150,3.873289540329038e-16,1.4092366131479903e-15,2.4101395271258526e-15,1.8899328935202135e-15,8.63075845701188e-14,1.940007071668819e-15,1.0137930017734617e+19,2.361078771116579e-15,3.9056739793086676e+31,1.577195177150572e-12
151,4.022542318923288e-16,1.439940458757056e-15,2.3649682256754272e-15,1.8411885176582113e-15,7.29599211436083e-14,1.991105555158309e-15,1.4010820830441216e+19,2.3656596564440934e-15,6.524967393329323e+31,1.3451935369300898e-12
152,4.1612670718277455e-16,1.454222403722873e-15,2.327375460928265e-15,1.807929554121558e-15,6.186757319873958e-14,1.9364675613784612e-15,1.9363839478813467e+19,2.3411466739993126e-15,1.0903226164449921e+32,1.1457987817522058e-12
153,3.81016539017066e-16,1.5038860463695497e-15,2.2245440938825053e-15,1.7682100958603654e-15,5.281739526094754e-14,1.908774238105605e-15,2.6762867266016887e+19,2.354306956880847e-15,1.8223068559190008e+32,9.759320094358112e-13
154,4.586488413441641e-16,1.4667949764324523e-15,2.291163999393781e-15,1.7474005853488578e-15,4.4474002720055704e-14,1.93420018918885e-15,3.699020685569672e+19,2.3871571903973777e-15,3.0463079666387825e+32,8.296076986084304e-13
155,3.89622837577211e-16,1.4739549790731215e-15,2.217522771347871e-15,1.8609365120543532e-15,3.841410991038468e-14,1.9386345352012547e-15,5.112737877040834e+19,2.4451758440859705e-15,5.09340819198095e+32,7.051567318540385e-13
156,4.4284604467174167e-16,1.5075803469770387e-15,2.2073588820252026e-15,1.892599387798108e-15,3.2936682145053144e-14,1.9555069258608838e-15,7.066960276673076e+19,2.300319309411888e-15,8.517705697285092e+32,6.003066601781121e-13
157,3.9147970796760944e-16,1.4864288704469516e-15,2.1935066834630444e-15,1.8846075020230138e-15,2.813121596944879e-14,1.986780895553701e-15,9.768409255768075e+19,2.3356519885711426e-15,1.424669044114727e+33,5.109940152830509e-13
158,3.351775998053358e-16,1.4997944641696845e-15,2.1068008515418362e-15,1.8451375566024876e-15,2.4830822683452655e-14,1.9563407344729806e-15,1.3502893639529479e+20,2.2550797828975847e-15,2.3833130680706032e+33,4.3460074351497505e-13
159,3.822057251749131e-16,1.5175125565948297e-15,2.141005740050155e-15,1.8613481636432962e-15,2.1312867924661856e-14,2.008365397496828e-15,1.866557583653417e+20,2.2755370191308674e-15,3.987711654660472e+33,3.6839729949294064e-13
160,3.7558725082531417e-16,1.4808560375538351e-15,2.20341396335462e-15,1.9299374336697384e-15,1.9030920928809955e-14,2.0304148226053474e-15,2.5802823731354475e+20,2.2520199225115705e-15,6.673346805209608e+33,3.130467108926948e-13
161,3.737310865590008e-16,1.5239594752055686e-15,2.4160193054968485e-15,1.8856379079595048e-15,1.6934008783206686e-14,2.0344573870721865e-15,3.567008447633793e+20,2.280901079238434e-15,1.1169801159004466e+34,2.6631838589543617e-13
162,3.524188296341912e-16,1.5162877815479538e-15,2.190532217720516e-15,1.8363954636408333e-15,1.4764936384109608e-14,2.0722510394716796e-15,4.93119152926176e+20,2.262513266263758e-15,1.869976002609974e+34,2.2665292246184738e-13
163,4.0494529488909583e-16,1.554052990138388e-15,2.1683689125974653e-15,1.790667184949506e-15,1.3096736001586519e-14,1.998794064679634e-15,6.817265620252189e+20,2.2869034111427557e-15,3.1312840372683636e+34,1.9275130821324847e-13
164,3.6410436335879894e-16,1.6042231898252784e-15,2.4204052550352142e-15,1.84242923630628e-15,1.206326452838286e-14,1.9534539746964995e-15,9.424947971724504e+20,2.2849834036052976e-15,5.244540502592906e+34,1.6439733258021688e-13
165,3.6367490815951435e-16,1.6274642924597914e-15,2.4819363608311306e-15,1.7999863830687002e-15,1.1125088321526023e-14,1.99560765241488e-15,1.3030404754344682e+21,2.284680530685167e-15,8.785954888122903e+34,1.401522017923327e-13
166,4.1298745257706515e-16,1.5685319262359464e-15,2.2715855597510626e-15,1.7839814466661894e-15,1.0357180532248073e-14,2.0243267429995557e-15,1.8015522208205746e+21,2.2301128136966615e-15,1.472175551381073e+35,1.1915304744397136e-13
167,3.482546370298948e-16,1.5258048310483478e-15,2.1690154670106024e-15,1.830739957086445e-15,9.316270925200147e-15,1.9954695852861993e-15,2.490838801638689e+21,2.292926834046689e-15,2.467237122653748e+35,1.0128757024211685e-13
168,4.066416848093176e-16,1.4873167890165343e-15,2.149123976483881e-15,1.7512206039550222e-15,8.693186540887179e-15,1.9545061622201273e-15,3.4439277184817284e+21,2.2477706992219517e-15,4.13557246796972e+35,8.611921760006671e-14
169,4.3088529546730517e-16,1.4942547985337763e-15,2.0740760187405854e-15,1.6757375378088189e-15,8.227941278885912e-15,1.9386304655325068e-15,4.761808204640868e+21,2.278649613297398e-15,6.933110137220527e+35,7.31053611944433e-14
170,3.794550366224782e-16,1.5569679018424394e-15,2.2250844284576356e-15,1.7210709603110202e-15,7.561997999217238e-15,1.9206848417118646e-15,6.584140195791157e+21,2.2597643697975423e-15,1.1624755670961514e+36,6.220308048266072e-14
171,3.329015154807899e-16,1.4648329472530807e-15,2.3128228784537733e-15,1.7721733916197799e-15,7.503841271010322e-15,2.0362872622378283e-15,9.104065637779332e+21,2.2940352295602398e-15,1.9493922794423614e+36,5.29839948759088e-14
172,3.9184334713267053e-16,1.5043185295248756e-15,2.1849639955458065e-15,1.7888691472486586e-15,6.95179375356749e-15,2.0657986917573675e-15,1.2588693988890408e+22,2.3510518396939873e-15,3.269424420539164e+36,4.504524586149885e-14
173,4.036889887349832e-16,1.4676053482202228e-15,2.3610442754279754e-15,1.7123092566361953e-15,6.639405619967253e-15,2.0673688860920455e-15,1.740743615344462e+22,2.3271170862563943e-15,5.483999045207952e+36,3.840839970919431e-14
174,4.561272694069102e-16,1.4548699163529802e-15,2.2337468865196205e-15,1.776837305893839e-15,6.713391706773567e-15,2.0493558749091325e-15,2.4071194406792578e+22,2.354912808916857e-15,9.199729998304539e+36,3.284164902564993e-14
175,4.1040118972372903e-16,1.453958068600803e-15,2.3314306134763885e-15,1.82462436124317e-15,6.413929824314937e-15,2.0534960194767472e-15,3.3286568598721335e+22,2.4010378269932575e-15,1.543484555576725e+37,2.7956542035917688e-14
176,4.020357613632585e-16,1.4080010460229378e-15,2.133383403985926e-15,1.8780032580566825e-15,6.306641288253878e-15,2.128851008484526e-15,4.60308335883559e+22,2.3322745983399514e-15,2.5898644001489947e+37,2.3952797644731067e-14
177,3.896655689637672e-16,1.4011184679329072e-15,2.2414124432442447e-15,1.8869434110630694e-15,6.643117777037311e-15,1.9742176332276453e-15,6.365564886197204e+22,2.265849324060021e-15,4.346077669551272e+37,2.0501856112962535e-14
178,3.1915447032560486e-16,1.4669745771706883e-15,2.221179096467425e-15,1.8425034490291813e-15,6.211921866793948e-15,1.993368744130602e-15,8.80305130969772e+22,2.324300340553716e-15,7.293936504517534e+37,1.7662216246256373e-14
179,4.039392707800273e-16,1.452027708381768e-15,2.24031050141893e-15,1.8546546764305446e-15,6.794329431158296e-15,1.993806667481909e-15,1.2174119830933085e+23,2.343159368735796e-15,1.2242466886378677e+38,1.5170039346654265e-14
180,4.3470581503796293e-16,1.4238057660463985e-15,2.109908317304048e-15,1.9278521962626243e-15,6.009116040466563e-15,1.974825424703509e-15,1.6836423902625627e+23,2.3022165914788365e-15,2.055023922051229e+38,1.3069177368678736e-14
181,3.8245097995427107e-16,1.4439918883410254e-15,2.4322545990913995e-15,1.819356109302335e-15,6.0077988866901815e-15,1.9793452902187454e-15,2.3284663224044942e+23,2.351768199752405e-15,3.449883344422082e+38,1.1315254290860166e-14
182,3.7923473597009685e-16,1.4869816168458555e-15,2.2465568046394556e-15,1.7788676874613293e-15,6.149024342056539e-15,2.0030678946467075e-15,3.220310830951841e+23,2.317808602410753e-15,5.792021876739168e+38,9.808345407262272e-15
183,4.0400328016995605e-16,1.4310404803776656e-15,2.288348071554047e-15,1.6919956207995035e-15,6.026985071956949e-15,2.0147947661210073e-15,4.4538259734997155e+23,2.2674823989018708e-15,9.725075217560517e+38,8.507970146518646e-15
184,3.6199847602409863e-16,1.410563670424641e-15,2.413023675770499e-15,1.75748966793998e-15,5.701739998133741e-15,2.0331723268527355e-15,6.159936194499306e+23,2.289384572491947e-15,1.6330201067272095e+39,7.477130092865921e-15
185,4.375143525663676e-16,1.4720373524424225e-15,2.3214418329364962e-15,1.7809501816149602e-15,6.009480096258037e-15,2.035644607433332e-15,8.519745193823263e+23,2.2760361318744673e-15,2.742361702584576e+39,6.556098005107283e-15
186,3.9397801867929e-16,1.4276384236348882e-15,2.2192852610271662e-15,1.815855185287945e-15,5.889364172564806e-15,2.0191675751038225e-15,1.1783771909170961e+24,2.3246194642849485e-15,4.6056558587390233e+39,5.837644393055391e-15
187,3.851733352743591e-16,1.417527224203317e-15,2.1119287168807977e-15,1.8711393009658927e-15,5.791257980159861e-15,2.0189741207666744e-15,1.629856193663935e+24,2.4252719801516353e-15,7.735541723981153e+39,5.261338280565445e-15
188,3.981080500869171e-16,1.4574975155536048e-15,2.2959929895693576e-15,1.8587951992600653e-15,5.674060701383323e-15,1.883346877579703e-15,2.25435027986959e+24,2.4500671441361686e-15,1.2993360413997187e+40,4.7851095762976796e-15
189,4.230493655641406e-16,1.4650147268515002e-15,2.2515431285501333e-15,1.916527806281127e-15,5.413711354535657e-15,1.967257910901369e-15,3.118175632038646e+24,2.388612139871345e-15,2.1826434052460676e+40,4.343686445417347e-15
190,4.068351644455701e-16,1.5036755615258667e-15,2.3878921364359945e-15,1.8414209705855557e-15,5.60419983628339e-15,1.93687051651653e-15,4.313072242203718e+24,2.315101263693279e-15,3.66668606552157e+40,3.978511252672729e-15
191,3.6583760908474546e-16,1.5249023503470368e-15,2.3020886805743157e-15,1.8413183717631164e-15,5.539776944765152e-15,1.9254285838194835e-15,5.965952553011932e+24,2.3148054424474787e-15,6.160180452145069e+40,3.7134989635499596e-15
192,4.2769126577102256e-16,1.555822930809698e-15,2.2410842722173284e-15,1.943699933818665e-15,6.148167019277923e-15,1.9922601909852744e-15,8.252388853984062e+24,2.2789178498433227e-15,1.035001714681744e+41,3.401546531737141e-15
193,3.6655400002543813e-16,1.5704912852712159e-15,2.0586422869183624e-15,1.9851512761410487e-15,5.594913185415498e-15,1.9607174374907412e-15,1.1415273556646323e+25,2.214505837612504e-15,1.7390650640838874e+41,3.2643860533295015e-15
194,4.211525969266931e-16,1.5742404678717823e-15,2.3222127378323946e-15,1.8862280989637025e-15,5.666536460089622e-15,2.0310529425415024e-15,1.5790636674149956e+25,2.1838878935036496e-15,2.9222471728607786e+41,3.1327965871119484e-15
195,4.022895842307007e-16,1.535500359669511e-15,2.226714741286027e-15,1.9163457777630003e-15,5.642603346112535e-15,2.071593883706069e-15,2.1843366148298647e+25,2.2791218372789544e-15,4.910703097984009e+41,2.9880634991028076e-15
196,3.688215518629864e-16,1.5612163275608528e-15,2.3679664120636877e-15,1.8501191966815354e-15,5.83386472436978e-15,2.1151977366221865e-15,3.0216630131531485e+25,2.315535849570644e-15,8.252685737041946e+41,2.8430510616043294e-15
197,4.344879288669473e-16,1.5857167356222155e-15,2.3964890821328513e-15,1.8338481790494013e-15,5.935918704868023e-15,2.0554655039176705e-15,4.18002580485221e+25,2.3704112697656318e-15,1.3869830378518e+42,2.822568754985015e-15
198,3.7275833517422084e-16,1.5442100169080714e-15,2.2916721171955443e-15,1.885933748937929e-15,6.054607296455674e-15,1.9821430507871405e-15,5.782535441946353e+25,2.320456548364361e-15,2.3311517286129305e+42,2.7621434734941755e-15
199,3.7669133199364016e-16,1.5167896941305676e-15,2.3406069830028106e-15,1.7973486538561463e-15,5.842116756992674e-15,1.943052251488015e-15,7.99952106951087e+25,2.335083892930702e-15,3.918256317657091e+42,2.6851788344903767e-15
200,4.477836594679446e-16,1.4712187316158695e-15,2.195407914668931e-15,1.8476101802274625e-15,5.602416042727729e-15,1.94633061342344e-15,1.1066644297329098e+26,2.4032742540086532e-15,6.586238217745266e+42,2.6976145436429234e-15
201,4.0888096335303826e-16,1.4562571686756373e-15,2.1752760631424456e-15,1.8337056367904898e-15,5.62201347942649e-15,1.9601580829798375e-15,1.5309962847810041e+26,2.4443705537169038e-15,1.1071430067528371e+43,2.672606608714199e-15
202,3.9446821644391e-16,1.48818667671357e-15,2.172338464381384e-15,1.8891263156135463e-15,5.524739834243786e-15,1.9534270185116676e-15,2.1180611049798146e+26,2.459473122293213e-15,1.861191776368782e+43,2.6023061215339363e-15
203,4.478002551582456e-16,1.4952702357633187e-15,2.3036593648832582e-15,1.940233237497292e-15,5.807795301096249e-15,1.8940740128186624e-15,2.9302787722699873e+26,2.5237046037759288e-15,3.128953350431672e+43,2.6048050815661487e-15
204,4.58911196812729e-16,1.569980148648864e-15,2.4126081179135914e-15,1.851763357215345e-15,5.578170874444594e-15,1.8092668710360442e-15,4.054015852480117e+26,2.4871921894814708e-15,5.26050056609644e+43,2.6067683810993237e-15
205,4.020688406151761e-16,1.5379018352365672e-15,2.1676349403358453e-15,1.8852560868388854e-15,5.657861613779765e-15,1.950049091440079e-15,5.6087740100614845e+26,2.3878710959581908e-15,8.844525806079309e+43,2.6551006307191287e-15
206,3.335106226153239e-16,1.5796818278168716e-15,2.225014564412999e-15,1.759721672799111e-15,5.728069890239631e-15,1.8425469525768608e-15,7.759904619059278e+26,2.3739793948570632e-15,1.4871029279719533e+44,2.636668440876767e-15
207,4.872408867374013e-16,1.6098514274411905e-15,2.2721462554138356e-15,1.81252816284896e-15,5.360439864398098e-15,1.9530851360881607e-15,1.073620301682908e+27,2.252803569100666e-15,2.500495108439154e+44,2.535340985481879e-15
208,3.8577491759085327e-16,1.652753043386352e-15,2.1983446667890506e-15,1.8858678308768548e-15,5.859372939445576e-15,1.9142229609053686e-15,1.485425541484613e+27,2.2233653424303327e-15,4.204641985500085e+44,2.6318882208763947e-15
209,4.444394543126536e-16,1.6438865981962303e-15,2.3523009799128015e-15,1.921115692644133e-15,5.370041306307092e-15,2.0055491822855744e-15,2.0552130535084492e+27,2.1879834917358516e-15,7.070491618140084e+44,2.662741922102143e-15
210,3.685756004121649e-16,1.581950959146989e-15,2.4222798036329853e-15,1.915104358015515e-15,5.864767143572405e-15,1.918457269740436e-15,2.8436003177498134e+27,2.1909315089675854e-15,1.1890150024115877e+45,2.6043439486228876e-15
211,4.460252013293409e-16,1.6133203887307211e-15,2.2061732177849858e-15,1.8626284484881606e-15,5.64846729445317e-15,1.8954437394377635e-15,3.9344674174217575e+27,2.301298876570717e-15,1.999593713953508e+45,2.6124951497542882e-15
212,4.0886278074821213e-16,1.5466219481871309e-15,2.2658184234244386e-15,1.860458909205462e-15,6.131323496929752e-15,1.926535166957084e-15,5.443885727721632e+27,2.384972567772014e-15,3.362888617582425e+45,2.640681002471259e-15
213,4.3754128681653463e-16,1.5267752982094684e-15,2.105469092371607e-15,1.842690062383018e-15,5.917199085344309e-15,1.908736310723323e-15,7.532474157626451e+27,2.4755675510951722e-15,5.655865793982983e+45,2.641450714173951e-15
214,3.416171283016717e-16,1.471261299258667e-15,2.1884719979823962e-15,1.7983275755735853e-15,5.47291970096585e-15,1.869426491221001e-15,1.0422498914387283e+28,2.3767273096103315e-15,9.512643321949739e+45,2.5735706416572863e-15
215,3.951600384983651e-16,1.480305205631358e-15,2.1780491996467174e-15,1.8163328292809765e-15,5.717059791865589e-15,1.8462643715756157e-15,1.4421538087064978e+28,2.342605251312823e-15,1.5999943958839732e+46,2.5305986832519525e-15
216,4.099624784782328e-16,1.4248911998074775e-15,2.1323961862267225e-15,1.8545611629035135e-15,5.519452383813747e-15,1.9037642566551935e-15,1.9955231740524595e+28,2.2970510768084584e-15,2.69122791648962e+46,2.5202718243639417e-15
217,3.7688486238153305e-16,1.4616299788893145e-15,2.2783436187081022e-15,1.792683472267905e-15,5.5293031480874986e-15,1.9490996325413092e-15,2.7612606222941612e+28,2.3504824265452174e-15,4.526858467386229e+46,2.5383523836665394e-15
218,3.762068765419781e-16,1.4946943218823855e-15,2.2603451877017147e-15,1.8408922473040065e-15,5.522392703409431e-15,1.8724544914270074e-15,3.8208801189547688e+28,2.3823807989234925e-15,7.614781311684072e+46,2.6287473578715583e-15
219,3.5901476796950203e-16,1.5237928292006843e-15,2.451470066415437e-15,1.8071498812743447e-15,6.118420263464734e-15,1.9385871927385633e-15,5.287188226224876e+28,2.3263317318442903e-15,1.2809486171360975e+47,2.604270302031272e-15
220,3.4644911105535064e-16,1.5450097972884428e-15,2.3934153925803354e-15,1.851970759281459e-15,5.449569393851576e-15,2.047625357048516e-15,7.316298894929091e+28,2.3740150718353002e-15,2.1548617971137028e+47,2.625305998711242e-15
221,4.754979620766592e-16,1.5400084903555736e-15,2.2253827303020286e-15,1.8506604730491713e-15,5.4163301299706956e-15,2.130280077293692e-15,1.0124262009849204e+29,2.3374523355960015e-15,3.6251023044829584e+47,2.6536353829578753e-15
222,4.508595353498077e-16,1.5968274404985477e-15,2.238370609589416e-15,1.886496865267063e-15,5.7801395813667995e-15,2.0967388437692713e-15,1.4010077649732621e+29,2.3132347893063616e-15,6.098653369459703e+47,2.620829801360088e-15
223,4.532435907538812e-16,1.5731905233227588e-15,2.234545783588103e-15,1.91789550881598e-15,5.639382971190043e-15,1.9952100539496462e-15,1.9387548659951506e+29,2.328919938508794e-15,1.0260302919188627e+48,2.5876291152461656e-15
224,3.872424266756298e-16,1.5337378053606727e-15,2.414332488964944e-15,1.9082782663558553e-15,5.451183718702466e-15,1.932383533381923e-15,2.6829366247735298e+29,2.375674782220413e-15,1.7262301105837046e+48,2.5347199474103096e-15
225,4.0380516676400863e-16,1.4930473124044127e-15,2.2394871530191953e-15,1.8619060503629145e-15,5.662031715864733e-15,2.0038161345263058e-15,3.712812736620068e+29,2.3994946840011844e-15,2.9043516253618973e+48,2.539986796375918e-15
226,3.821982714525773e-16,1.471877388725811e-15,2.1609719763191168e-15,1.7722486189322975e-15,5.5433599549813295e-15,2.0336933992937047e-15,5.1380787716765155e+29,2.30806591427457e-15,4.8866523196052624e+48,2.563000481570047e-15
227,4.135779508923774e-16,1.5014667112198495e-15,2.302672776637929e-15,1.758952546517749e-15,5.787022762612476e-15,1.969400430265962e-15,7.11055527892372e+29,2.3838392383008128e-15,8.22214571956094e+48,2.6035521127548627e-15
228,3.5774989924997374e-16,1.4992697722036698e-15,2.1204946851988823e-15,1.6796348747877847e-15,5.682336505045009e-15,1.9530329091912176e-15,9.84036679564422e+29,2.34581569608895e-15,1.3834712265194236e+49,2.615128759757913e-15
229,3.8414100836064486e-16,1.4486672922624604e-15,2.332145683827586e-15,1.7102624154050565e-15,5.616201326495116e-15,2.087059421942972e-15,1.3618335616375514e+30,2.347599449173461e-15,2.3279094354575298e+49,2.681075452568523e-15
230,4.0352192694171796e-16,1.4288900769360512e-15,2.4192325001031933e-15,1.7332430680228258e-15,5.8674217739507636e-15,1.9920150597536345e-15,1.8846977887555597e+30,2.3081161880406454e-15,3.9171732266919e+49,2.618312633010145e-15
231,3.998150541699534e-16,1.5076584985939803e-15,2.29822361630333e-15,1.7346104583260262e-15,5.49054124945802e-15,2.0254252089744843e-15,2.608340696313573e+30,2.2990628087055923e-15,6.591586952026038e+49,2.5755555240809064e-15
232,3.8528021985771e-16,1.4548588236462062e-15,2.156809420766565e-15,1.777776899415464e-15,5.187892638751112e-15,1.9893399926430975e-15,3.609871884874575e+30,2.3104364650258636e-15,1.1092194368180601e+50,2.5813539362613374e-15
233,3.7052819465219286e-16,1.415427533794899e-15,2.1149193818519663e-15,1.7965218462538012e-15,5.462268092401127e-15,2.0343580664415795e-15,4.996019246293346e+30,2.292837336496675e-15,1.8666160871821403e+50,2.613234436427953e-15
234,3.996462538487458e-16,1.4637733464671988e-15,2.316628888565177e-15,1.8177413720095095e-15,5.718379105575506e-15,2.0427387999093228e-15,6.914507091196832e+30,2.3117951507805147e-15,3.141248958098534e+50,2.5377034527587373e-15
235,3.363059553733995e-16,1.501393039377339e-15,2.1550115630029517e-15,1.8140603992141025e-15,5.823451325162018e-15,1.9776167959561516e-15,9.569805866804193e+30,2.2573357596680167e-15,5.286391281221462e+50,2.4983404783037035e-15
236,4.1010837417555084e-16,1.4624161060694419e-15,2.308361127995914e-15,1.8194705937973487e-15,5.521745092950706e-15,1.98131236375533e-15,1.324493329238324e+31,2.2700299337983743e-15,8.896631932036203e+50,2.5530403734245616e-15
237,4.628709111577558e-16,1.4551657795763445e-15,2.1956252689243103e-15,1.8049788950482465e-15,5.454982135204032e-15,1.9913468683724546e-15,1.8331632312277373e+31,2.2716971963397973e-15,1.4972733401772813e+51,2.554828512218887e-15
238,3.6680723915135936e-16,1.39456012793858e-15,2.389308437363957e-15,1.7877235860782067e-15,5.6089503282730404e-15,2.064444747655634e-15,2.5372144970121627e+31,2.299078116731134e-15,2.519912676009087e+51,2.5222308082777027e-15
239,3.6993175011811452e-16,1.3788325126900694e-15,2.1997864197112994e-15,1.7277934876352646e-15,5.543343745328572e-15,2.0206088608728475e-15,3.5117038517680754e+31,2.3501809075516164e-15,4.2411009072817837e+51,2.536591971561091e-15
240,4.0071794457761696e-16,1.3086236908714326e-15,2.350339297388311e-15,1.7227427296029304e-15,6.038537004933142e-15,2.091608454552218e-15,4.860525285925437e+31,2.3042205647250616e-15,7.13806045951149e+51,2.556618763630564e-15
241,3.6992729477953174e-16,1.2860609960580363e-15,2.174773437597948e-15,1.7533105084334548e-15,5.590486562778324e-15,2.1238583189980974e-15,6.727490958902652e+31,2.3827753723779195e-15,1.2014069259388552e+52,2.6074058792973453e-15
242,4.441913571815619e-16,1.3040299039882094e-15,2.207617027315902e-15,1.7132784186479415e-15,5.7740420989362564e-15,2.2012408805755656e-15,9.31167055337651e+31,2.418939707714777e-15,2.0221256014996133e+52,2.6472125937508705e-15
243,4.008821033962523e-16,1.400071442547458e-15,2.331503019817034e-15,1.748201548311371e-15,5.885209926343184e-15,2.119056046510066e-15,1.2888625829643246e+32,2.38791432350972e-15,3.4035646990047374e+52,2.5991375268026406e-15
244,3.911099086563071e-16,1.4298559616172683e-15,2.2871044981837413e-15,1.655761757774432e-15,5.465377108550454e-15,2.098225192532994e-15,1.7839806295600298e+32,2.3307177945605312e-15,5.728851755747501e+52,2.6131003726091193e-15
245,4.11184318247105e-16,1.400264105894034e-15,2.175860947183075e-15,1.7420475241033766e-15,5.748599079094195e-15,2.163204355278153e-15,2.4693242954951712e+32,2.446700315215686e-15,9.642922100281995e+52,2.616515704541306e-15
246,4.4350758276785977e-16,1.4570413257144542e-15,2.1897940236393286e-15,1.7340982779684195e-15,5.891922597463979e-15,2.1337591365033215e-15,3.4179883023847034e+32,2.3542201254415962e-15,1.6231439915368047e+53,2.5498776052419878e-15
247,4.535971800325799e-16,1.496682986825145e-15,2.3144618883992866e-15,1.8399035937852693e-15,5.7978548547983956e-15,2.0254281833591147e-15,4.731157807779186e+32,2.4458615731466908e-15,2.7322005611178876e+53,2.610640310019821e-15
248,4.429206664502524e-16,1.4765155890580823e-15,2.264203510373654e-15,1.7667354026615063e-15,5.7100228048113604e-15,1.9274874719414906e-15,6.54890495834329e+32,2.32526112611453e-15,4.599123475508026e+53,2.6398779167512513e-15
249,3.6258069210704348e-16,1.4928717458193273e-15,2.5395651877960414e-15,1.7652997545938313e-15,5.630393989983431e-15,1.929597202813029e-15,9.065135602020643e+32,2.262404108995262e-15,7.74184305128568e+53,2.5327202394464376e-15
