,iht5,kziht5,iht10,kziht10,iht20,kziht20,iht50,kziht50,iht100,kziht100,iht150,kziht150,iht200,kziht200,iht250,kziht250
0,0.15273736146826364,0.5642851744359103,0.23402806678328342,0.5712764220780882,0.34040577296408414,0.5900908001821343,0.527609394751778,0.6302433739405587,0.7170924165286071,0.6743763070465341,0.8222839589289254,0.7077017005513756,0.9029755978194574,0.7273043017403861,0.9551633005693556,0.7436754135918432
1,0.025907221797444552,0.3224785283548334,0.06089299895342142,0.3328528259933345,0.13601292566356943,0.36119354838417017,0.3776066187263988,0.4207276273606718,0.7984173921775429,0.4956900462163769,1.0818653570458092,0.5494001092027037,1.2996550034884493,0.5810788863603225,1.4623089181461626,0.6101985019237341
2,0.0030710195079503583,0.18551064141263265,0.011595067862502775,0.19621693863459427,0.045418656397785445,0.22914715804178415,0.28338734897585327,0.2922800953001585,0.9754342754636345,0.3767434904122999,1.6317605688007577,0.4455941314740875,2.276832353934988,0.48740072292761627,2.8297437369621705,0.5220261436430584
3,0.00043220068929596844,0.10787065488800689,0.002174160183878867,0.1162918343722917,0.013905866744773615,0.14498279975366446,0.21246395017529235,0.20662784533458176,1.3404538928949947,0.2908477499511059,2.665501073756788,0.3677036149224213,4.283287235539216,0.41832014866553413,5.910095211719648,0.46074517946944327
4,6.311376130640778e-05,0.06233130094612762,0.00040487938346528125,0.06952524742323568,0.003672702885061933,0.09358034596707485,0.15982807844959906,0.1473963831020032,1.9403487632129224,0.22711359516081983,4.833141218898413,0.30755962959963506,8.904341388319121,0.36440275834725183,13.371310344864321,0.41136180867174743
5,1.021213867994041e-05,0.03572403109630356,7.724208401886819e-05,0.04109496780445092,0.0010229460500162033,0.0603191115280674,0.11925990801777488,0.1054368593793425,2.864435790015425,0.17844718086179942,8.859304894629945,0.25807685040741385,18.954358173756766,0.31968176997609427,30.986490241447264,0.37214674829233013
6,1.7798356682227208e-06,0.020732408562896022,1.4673972383421438e-05,0.02454133244292421,0.0002998116744585812,0.03820243733203939,0.08769318769262302,0.07412931933467226,4.521171710620701,0.14100829888502167,17.09125427436565,0.21798307289942453,41.70673815523703,0.2820024749264805,73.67226598063998,0.34033657512163046
7,3.293618722793009e-07,0.011931275563200621,2.9413397820056952e-06,0.014557531597585067,9.281311445661843e-05,0.02421925629873453,0.0647721238694194,0.052380781865253884,7.104444153660791,0.11190740920452599,33.30453531011716,0.18450576995291745,93.01628067960591,0.2503404382947882,177.52394170310927,0.31251151785442305
8,6.420746928421998e-08,0.006855372885541289,6.132236268894802e-07,0.008612346099036643,2.911326871339131e-05,0.01556565350923899,0.047969015895464547,0.036907316799904236,11.66890629111485,0.08814453249587402,66.22645300202527,0.1560979965121529,210.35444622832966,0.22291376910237415,432.88039177513485,0.28824102129439266
9,1.3108877471593049e-08,0.003927429791327883,1.318750843491234e-07,0.005107386779645553,9.335842206123043e-06,0.009728124101329451,0.03567912256762343,0.025754472867647153,19.173171386141902,0.06952475194815452,132.85005651118635,0.13268779277726625,479.9758838225791,0.19853350308396508,1064.5391076987137,0.2661289594796251
10,2.7864705154380034e-09,0.002277275186435719,2.908382564899045e-08,0.0029991427857585023,3.0828340896431083e-06,0.006027014674717481,0.027233389614545835,0.017762073844705066,32.1970467030649,0.05400978741974615,269.10160598518513,0.11221576784480809,1103.4592336898588,0.17681174529346497,2636.0588999545976,0.24591099930025762
11,6.128769676056681e-10,0.0013224727927338357,6.549577766568026e-09,0.0017927648967741901,1.0429272237246957e-06,0.003736212566041866,0.021105873666739314,0.012116385397913352,54.31014669022774,0.04172823838493731,548.1932682660902,0.0948830725316773,2550.465609837015,0.15766010507595563,6562.5787230813385,0.22745887736025847
12,1.3863707876260338e-10,0.0007699256388391532,1.5011502721281253e-09,0.0010727264527377722,3.603980266513876e-07,0.002282260701921443,0.016759727715396557,0.008269239142144036,92.63626968951694,0.03206992731545389,1122.541306214926,0.07981454916911249,5921.5478163012385,0.14047843926600503,16414.374044909764,0.21058994459985647
13,3.2073602718872146e-11,0.00044583060711955605,3.4928624210787757e-10,0.0006505208681545783,1.269252483765807e-07,0.001414437148972917,0.013485945647716846,0.005651280526074368,158.7438204134334,0.024618201937597926,2308.244814049548,0.06669987607083389,13800.665896138706,0.12508846779339763,41228.04184718346,0.19501029222618205
14,7.552401570236508e-12,0.00026074847634703337,8.2340874841739e-11,0.00040107403267022147,4.5466500866552245e-08,0.0008858587764641697,0.010839369129851641,0.0037602402481053763,273.77151417380685,0.018649799870598283,4763.801217534769,0.055555130176031364,32263.253268425757,0.11120980318179999,103932.31748884244,0.18069127536903345
15,1.8028825516292426e-12,0.00015279972542583392,1.9634662351801747e-11,0.00023657983596560287,1.6535416555666553e-08,0.0005514724236964843,0.008431635027713187,0.0025269355893073604,473.9994645883434,0.014252090720140031,9861.774223048422,0.045983853535960136,75620.89511692425,0.09874056881669309,262858.819939669,0.1669454196702519
16,4.349282761170626e-13,8.965884327423947e-05,4.729557163093475e-12,0.00014177703933370122,6.094835061528544e-09,0.00034773605468381956,0.007131898627399916,0.001678076730621462,823.8616719823643,0.010782833344546277,20477.709168376172,0.03786337443632871,177648.79201459832,0.08763947451290564,666760.6108525196,0.15420707257951405
17,1.057721930863646e-13,5.26021673760519e-05,1.1494919932581425e-12,8.493183412867911e-05,2.2730885690446652e-09,0.00021843529207496597,0.006191642306830336,0.0011266177538013429,1436.0959226705718,0.008118619219498276,42642.82621478772,0.031027161437251625,418172.6785302467,0.07754415832728463,1695562.479822489,0.14223046929684194
18,2.5881858036791345e-14,3.081576359505876e-05,2.816056748400517e-13,5.066290793730875e-05,8.564692360001448e-10,0.00013777795781126203,0.005785425623316967,0.0007508913939515166,2509.7770095927053,0.00615915600506697,89044.00930293152,0.025290444233492245,986271.0867512212,0.0684169312318223,4322167.601061796,0.13108652178125277
19,6.363193998077134e-15,1.8070401574520918e-05,6.947498119584405e-14,3.065886244895004e-05,3.2556577592472707e-10,8.678268390295232e-05,0.005267310256141994,0.0005053436955904243,4395.829816814922,0.004566470650549359,186376.9224110287,0.02056273236339611,2330526.6136393924,0.06008828801979461,11040711.377344865,0.12092391123755464
20,1.5696335860677516e-15,1.0657043546260009e-05,1.725443194684583e-14,1.8673756022575946e-05,1.2469533914728566e-10,5.477365156668356e-05,0.005041946348677507,0.0003423980876250661,7714.3634789298785,0.003377274691450494,390913.6665040196,0.016649777624126005,5516824.183457453,0.05250345612006238,28255058.883688167,0.11126303743605165
21,3.87651866037049e-16,6.243084067721116e-06,4.30904055340881e-15,1.1314960900014636e-05,4.806877903371944e-11,3.462469597819312e-05,0.0046839555105460985,0.00023213786752180165,13562.233001318999,0.002512435633793912,821529.4485360069,0.013389239641151227,13081836.524080453,0.04590249668780242,72434506.87524332,0.10243766372372137
22,9.530204753625106e-17,3.688335875624225e-06,1.0812228598088593e-15,6.886281544557959e-06,1.8631877503498046e-11,2.197518225123769e-05,0.004609480182927527,0.0001574264645063417,23881.80691988548,0.0018767138800610816,1729451.7863137498,0.010792529749227486,31068119.178078614,0.04003228965045092,186004505.74092868,0.09411407737989506
23,2.3187879566937695e-17,2.1637804263110672e-06,2.719650466856801e-16,4.194050623142399e-06,7.2555238974424016e-12,1.4010596421240925e-05,0.0043073195603536,0.00010691844179981747,42114.67028124803,0.0014003789385897197,3646193.050950419,0.008614319482863229,73890857.9718997,0.03461850231329527,478403153.228911,0.08639239907051315
24,6.202466706287279e-18,1.2724369763630756e-06,6.776165923806162e-17,2.538185806789968e-06,2.836547229957947e-12,9.031596934690228e-06,0.00411798692971507,7.29858877262785e-05,74368.51465914652,0.0010349405593207798,7697387.622441425,0.006844408693906426,175986104.69233367,0.029939817019863865,1232284881.2968986,0.07903268091842011
25,9.5422564712112e-19,7.540538222862041e-07,1.863152385968356e-17,1.5478270841140223e-06,1.1126504140241992e-12,5.7601922259263495e-06,0.00370308472708804,5.006313813111981e-05,131498.6183663837,0.000763065558585245,16268050.897386,0.005438515932818438,419736329.1572565,0.025692415169410635,3178566324.3985047,0.0721738980917541
26,0.0,4.4530651931439463e-07,4.4681299494529765e-18,9.499360932133419e-07,4.376810201393105e-13,3.6501713487243157e-06,0.003344632273985026,3.4241046905169805e-05,232804.69813760222,0.0005628809809118892,34420843.259913474,0.0043259800371153595,1002513448.2170337,0.022017985796561158,8209251985.573265,0.06576909521683798
27,0.0,2.6510336942059956e-07,4.84211424368879e-19,5.781797401408553e-07,1.725781800863695e-13,2.3440535391616214e-06,0.0029403656265661765,2.364592517519224e-05,412659.0105756973,0.0004174661998957854,72912958.22270198,0.0034361415926975735,2398043378.115544,0.01885498939389687,21228548211.801773,0.05980583964289304
28,0.0,1.583754387075549e-07,1.526540924975878e-19,3.532680226013633e-07,6.818975874094013e-14,1.4948602233993382e-06,0.002656710871587217,1.633440612427156e-05,732385.3234791222,0.00030887574314341406,154608638.46981913,0.002723413794643975,5744564585.517626,0.016123062372568393,54960184598.00051,0.054367861221076896
29,0.0,9.439964924110231e-08,1.526540924975878e-19,2.152875099322833e-07,2.699324679692461e-14,9.635549618095424e-07,0.002385379672913043,1.1284161319402886e-05,1301198.536771691,0.00022983796642828537,328164785.9140023,0.002153239329696477,13780701978.922626,0.013725321170302751,142451315491.10406,0.04917888931857028
30,0.0,5.6922864768924296e-08,1.526540924975878e-19,1.315969950488978e-07,1.0699961057201818e-14,6.161955368190023e-07,0.002041461697710911,7.818361865015033e-06,2314039.66176924,0.00017089734014290314,697244109.1379591,0.001700408563198606,33105131457.70614,0.011621669167758572,369597897694.1736,0.04442112643914976
31,0.0,3.397801588623574e-08,1.526540924975878e-19,8.034391996855202e-08,4.247641798217913e-15,3.967195680034348e-07,0.0015184346608634286,5.399528675624581e-06,4119013.561908325,0.00012778473542276908,1482912470.510896,0.0013450779972992751,79632903225.6826,0.009852444312581487,959844113928.7944,0.04005808477143901
32,0.0,2.0270911176586634e-08,1.526540924975878e-19,4.931182169189292e-08,1.6887489082049497e-15,2.553638905244746e-07,0.001074135919369046,3.7369001249404062e-06,7338376.758976979,9.572808155390947e-05,3157126244.0105023,0.0010584402872561736,191811208664.55368,0.00830570647492359,2494878868434.075,0.03602759077329285
33,0.0,1.212996999507177e-08,1.526540924975878e-19,3.0266458745066666e-08,6.711466249425737e-16,1.6595640521067758e-07,0.0007349846479166068,2.5884477882483376e-06,13084623.092017377,7.159531970509151e-05,6728106630.650935,0.0008344565206328398,462632439875.2533,0.006987723196860113,6490314983625.28,0.03227462186948396
34,0.0,7.197426645832268e-09,1.526540924975878e-19,1.8598037822937905e-08,2.6679462092089186e-16,1.0732712332361557e-07,0.0005211370643630639,1.7928419434703176e-06,23347111.799245838,5.337062959889278e-05,14351710651.295687,0.0006621178742552341,1117276902121.5955,0.005863817325055753,16898979146222.148,0.02880228793528994
35,0.0,4.318394529502052e-09,1.526540924975878e-19,1.1448411031472405e-08,1.0511767253168469e-16,6.980298005390725e-08,0.00034128351306268636,1.23675019470133e-06,41684701.479638174,3.997900235017894e-05,30643677212.282627,0.0005235377320697075,2701825288352.6426,0.0048806416624464655,44037608299929.95,0.025670508035711147
36,0.0,2.562825884994248e-09,1.526540924975878e-19,7.000158219787347e-09,4.184391093368993e-17,4.5270330097396593e-08,0.00019966207860794386,8.589920085067299e-07,74470051.95839322,3.000153614382261e-05,65493132505.84902,0.0004131573228407972,6542138799112.481,0.00406743366846537,114852551592998.55,0.022868979193387345
37,0.0,1.5259830869489299e-09,1.526540924975878e-19,4.284066120952265e-09,1.638558088667464e-17,2.9323066630061105e-08,0.00011812499902328079,5.977894787333912e-07,133116675.98722416,2.2655235351513678e-05,140110318942.24454,0.0003258912735723771,15861397702836.787,0.003393889316979256,299777739940263.4,0.020293137855952693
38,0.0,9.160617753694442e-10,1.526540924975878e-19,2.634211380483419e-09,6.750150221920415e-18,1.8935304577577772e-08,7.101858737832514e-05,4.1861049851696223e-07,238070125.590547,1.708118974696545e-05,300028646917.7473,0.0002586222491020179,38502397409749.62,0.002834791302760778,783055262239904.6,0.017901506880323336
39,0.0,5.490225078166518e-10,1.526540924975878e-19,1.6234197964791135e-09,2.1941802479409535e-18,1.2219592919397636e-08,3.855552637817131e-05,2.916812842044212e-07,425994791.01892644,1.288495771793848e-05,643120634145.7026,0.0002056637922380793,93572827467741.08,0.0023568492921415894,2046998042051019.5,0.015792492752664353
40,0.0,3.3116696694861235e-10,1.526540924975878e-19,1.002174668235084e-09,8.7086352335026e-19,7.941625512022158e-09,2.1218879002365536e-05,2.0283201071537632e-07,762643756.2155842,9.738358023948588e-06,1379915921244.7441,0.00016336881409538455,227684088325855.44,0.0019457242261164353,5354992712371777.0,0.013882352410190108
41,0.0,1.993736673937624e-10,1.526540924975878e-19,6.186266865304173e-10,4.169632230661126e-19,5.151767145614775e-09,1.1872333365026828e-05,1.4146014220997974e-07,1365988615.0121043,7.338926400874781e-06,2963667065278.589,0.00013013166569787553,554684113442223.75,0.0016020009095021586,1.4018705805265162e+16,0.012238227860139195
42,0.0,1.2089872899432608e-10,1.526540924975878e-19,3.7643076355884645e-10,3.2513421227849623e-19,3.347287464927577e-09,6.677398800393202e-06,9.876155568845038e-08,2447864738.108922,5.565451585384384e-06,6370995635595.5,0.00010411978982431798,1353136332706412.5,0.0013254149012144867,3.672579604890437e+16,0.010746519953609694
43,0.0,7.245163735320548e-11,1.526540924975878e-19,2.328069352736379e-10,2.961626290377048e-19,2.170984763723134e-09,3.7657253313764573e-06,6.900379132597044e-08,4388646733.17103,4.204245312279606e-06,13708334882783.693,8.305422160807402e-05,3305561370484302.5,0.0011025313257296131,9.628262990040693e+16,0.009440333341343804
44,0.0,4.373333363381378e-11,1.526540924975878e-19,1.4388345214812972e-10,2.961626290377048e-19,1.4126758006430325e-09,2.1270415463763743e-06,4.828335941383812e-08,7871625002.018829,3.1817497179177354e-06,29523432540142.453,6.651198396211105e-05,8085619289122135.0,0.0009177890076588836,2.5260250326553978e+17,0.008291865286692013
45,0.0,2.641359139470561e-11,1.526540924975878e-19,8.975614026001593e-11,2.961626290377048e-19,9.159491720069551e-10,1.2026240284804166e-06,3.3733512434945244e-08,14124729672.73535,2.4127127110373773e-06,63643685502029.07,5.279115638410524e-05,1.9801926281796012e+16,0.0007567303325579638,6.631866814374889e+17,0.00727679883711531
46,0.0,1.5823827631816923e-11,1.526540924975878e-19,5.555464635044307e-11,2.961626290377048e-19,5.974018110350969e-10,6.803883730334376e-07,2.3700670137001235e-08,25355529210.682693,1.829812881331466e-06,137323867041228.08,4.2146552869355555e-05,4.8551885943345544e+16,0.0006234230306647332,1.7422809397788708e+18,0.006365061575857429
47,0.0,9.457885738553303e-12,1.526540924975878e-19,3.396936614811857e-11,2.961626290377048e-19,3.844602739817353e-10,3.850892984622172e-07,1.6579657453083052e-08,45534262315.34011,1.3909760928821467e-06,296589665552148.8,3.3671708537787236e-05,1.1917801199851606e+17,0.0005142726502737054,4.580161420954342e+18,0.00555566776697688
48,0.0,5.628655153734092e-12,1.526540924975878e-19,2.0898979230027776e-11,2.961626290377048e-19,2.506059321068144e-10,2.1801306283904624e-07,1.163801152845938e-08,81805882384.3281,1.0607145450649467e-06,641155717759828.1,2.702375830403961e-05,2.928671824996339e+17,0.00042175303664295486,1.204807570544179e+19,0.004849216306234982
49,0.0,3.381448571462403e-12,1.526540924975878e-19,1.2957732747531796e-11,2.961626290377048e-19,1.6235404418195018e-10,1.234469888003553e-07,8.15609889283827e-09,147030717708.81046,8.073945102452716e-07,1387247480089753.5,2.1602299591640373e-05,7.204767937387203e+17,0.00034814783185938296,3.171131945745222e+19,0.004232068445241342
50,0.0,2.0196002033133205e-12,1.526540924975878e-19,8.050615304279896e-12,2.961626290377048e-19,1.0631409633548519e-10,6.990842544248257e-08,5.697649528054652e-09,264358251205.5287,6.150230611691267e-07,3004130078039394.0,1.7278753801211727e-05,1.7743108889994243e+18,0.00028736866257527056,8.351556987201428e+19,0.0036583461372085473
51,0.0,1.223444123833861e-12,1.526540924975878e-19,4.959674713013618e-12,2.961626290377048e-19,6.854185064539875e-11,3.959246556756497e-08,3.9838345456914136e-09,475491317910.82495,4.680536541489597e-07,6511190168980972.0,1.3832789966871713e-05,4.3741736759600133e+18,0.00023807629906475185,2.2008166064724148e+20,0.0031746305021135624
52,0.0,7.390791574143336e-13,1.526540924975878e-19,3.0652528033702065e-12,2.961626290377048e-19,4.430666217244138e-11,2.242427062378942e-08,2.8029235291386633e-09,855555901297.11,3.5620536856384015e-07,1.412478793364812e+16,1.1097349988426563e-05,1.0795272499199754e+19,0.000196882211955672,5.80315458525625e+20,0.002742002791505599
53,0.0,4.42243978389531e-13,1.526540924975878e-19,1.8917574672007715e-12,2.961626290377048e-19,2.8797843568536207e-11,1.2701042911175956e-08,1.960581323263276e-09,1539976286569.6895,2.7290545716074786e-07,3.066760410327962e+16,8.922691787625579e-06,2.6670714273384178e+19,0.000163237140483693,1.5310977174448625e+21,0.0023827414281086105
54,0.0,2.6781223739336587e-13,1.526540924975878e-19,1.1763355789802589e-12,2.961626290377048e-19,1.8636157699115222e-11,7.194005090850352e-09,1.378085254289135e-09,2772877099463.858,2.080869131126503e-07,6.6641984274531464e+16,7.16631893429493e-06,6.5960379397419794e+19,0.00013562413225591706,4.0419302274854777e+21,0.002075298433955435
55,0.0,1.618665954185831e-13,1.526540924975878e-19,7.204784225082067e-13,2.961626290377048e-19,1.2207928053707724e-11,4.0748260042574945e-09,9.692778245640517e-10,4994515195283.6455,1.5887303964922357e-07,1.4493895371555187e+17,5.756841204794793e-06,1.632945455873027e+20,0.00011227962337406843,1.0676264646541266e+22,0.0017942835541023086
56,0.0,9.903272402079259e-14,1.526540924975878e-19,4.4719881808092123e-13,2.961626290377048e-19,7.931724391633759e-12,2.3080867817617832e-09,6.802722018936579e-10,8999171553311.791,1.2115799026412215e-07,3.1549008688865306e+17,4.646508953323003e-06,4.046673381132741e+20,9.339296408835454e-05,2.8216652087340342e+22,0.0015490039298722122
57,0.0,6.083297926871247e-14,1.526540924975878e-19,2.794920709285365e-13,2.961626290377048e-19,5.146039416813453e-12,1.3073697455308241e-09,4.769085816371684e-10,16220145487340.645,9.299707963235645e-08,6.873060071980652e+17,3.7337078315051934e-06,1.003836863253891e+21,7.764729568353039e-05,7.461564583959352e+22,0.0013389293342148346
58,0.0,3.759487644129411e-14,1.526540924975878e-19,1.7560287364341284e-13,2.961626290377048e-19,3.3818462860538173e-12,7.405373136534632e-10,3.3493688478174293e-10,29244791375947.844,7.133760197306646e-08,1.4985725529231836e+18,3.0077777335215646e-06,2.4926340604522293e+21,6.453526327508453e-05,1.9741680373373466e+23,0.0011556134086408531
59,0.0,2.3732593369347425e-14,1.526540924975878e-19,1.1036672681121212e-13,2.961626290377048e-19,2.210169238119061e-12,4.194662191813728e-10,2.357280723981326e-10,52745154077218.07,5.4088289281147385e-08,3.270129530244608e+18,2.4236323235869506e-06,6.195494085048493e+21,5.375052430029866e-05,5.2260136130996685e+23,0.0009986189112726337
60,0.0,1.597494880636474e-14,1.526540924975878e-19,6.8402305251666e-14,2.961626290377048e-19,1.443397491171495e-12,2.3760091423839116e-10,1.6590074147260912e-10,95160249784710.45,4.140544381433778e-08,7.141833632852308e+18,1.948443955358067e-06,1.5413735039853214e+22,4.47855856524916e-05,1.3841817762983243e+24,0.0008609711209071261
61,0.0,1.1401061363243467e-14,1.526540924975878e-19,4.322452176925368e-14,2.961626290377048e-19,9.427554471601798e-13,1.345860274828486e-10,1.1760855802842467e-10,171737952652202.5,3.1553544252101e-08,1.5610305754047824e+19,1.5682451854895422e-06,3.838414198173033e+22,3.738738510986827e-05,3.668114147222277e+24,0.0007406940838360658
62,0.0,8.686538795650998e-15,1.526540924975878e-19,2.762923267499898e-14,2.961626290377048e-19,6.121783876436438e-13,7.623464320801407e-11,8.302887132274583e-11,310036932265516.0,2.4043165547051063e-08,3.4148295421358494e+19,1.2654642966085755e-06,9.567388462141086e+22,3.113379817924018e-05,9.726050213487654e+24,0.0006417612058271853
63,0.0,7.146108417600787e-15,1.526540924975878e-19,1.815275850239875e-14,2.961626290377048e-19,3.962365710455614e-13,4.318223976170502e-11,5.858776886868951e-11,559881060181342.56,1.830955825345458e-08,7.476205944984306e+19,1.0174503755475321e-06,2.3868073824272893e+23,2.5909998100919512e-05,2.5802645884813643e+25,0.0005560015466899104
64,0.0,6.212060615236294e-15,1.526540924975878e-19,1.2301139101268137e-14,2.961626290377048e-19,2.578946189089853e-13,2.4460102623868358e-11,4.12395282030223e-11,1011374690934608.5,1.3952071423380197e-08,1.6381178580861016e+20,8.195095120911245e-07,5.959583140883247e+23,2.166672065490899e-05,6.848829288017884e+25,0.00048042811087379455
65,0.0,5.6567732712096764e-15,1.526540924975878e-19,8.906833220363683e-15,2.961626290377048e-19,1.6884431974832045e-13,1.3855163823656955e-11,2.923044211372282e-11,1827515717933551.2,1.0634174770025232e-08,3.5921929215720613e+20,6.603498488372197e-07,1.4893024775146445e+24,1.812521086904353e-05,1.818841471973793e+26,0.0004158109126590967
66,0.0,5.279611719620584e-15,1.526540924975878e-19,6.906331558425427e-15,2.961626290377048e-19,1.1072008642290051e-13,7.848114061017703e-12,2.0710340657486285e-11,3303251784759374.5,8.119547117034622e-09,7.883603247451654e+20,5.324827303633331e-07,3.724816693122669e+24,1.5193262138026631e-05,4.8328824224771974e+26,0.00035924707067646103
67,0.0,5.0158965971683246e-15,1.526540924975878e-19,5.682735518198478e-15,2.961626290377048e-19,7.294912662698167e-14,4.445486222177113e-12,1.46078647176092e-11,5972450323737540.0,6.210507408090863e-09,1.7315626703191243e+21,4.304261502728739e-07,9.323423593019507e+24,1.2704352926247364e-05,1.2848009023654445e+27,0.0003114231216826215
68,0.0,4.83137266337119e-15,1.526540924975878e-19,4.961116762714932e-15,2.961626290377048e-19,4.822150359446099e-14,2.518103947986064e-12,1.0327264916547012e-11,1.0801710287611162e+16,4.7450633530484864e-09,3.80625862396472e+21,3.4736505848045793e-07,2.335548438683172e+25,1.0653072428210906e-05,3.4172714928389807e+27,0.00026900853529400514
69,0.0,4.683116347769522e-15,1.526540924975878e-19,4.516695143382426e-15,2.961626290377048e-19,3.1909804115870083e-14,1.4263575917585417e-12,7.27635527443854e-12,1.9541613634774544e+16,3.627843827203489e-09,8.373416772980021e+21,2.8013202337831254e-07,5.855092956280999e+25,8.924342643932782e-06,9.093584291443438e+27,0.0002304257402493442
70,0.0,4.55941308548974e-15,1.526540924975878e-19,4.2135352278455604e-15,2.961626290377048e-19,2.1289317505512216e-14,8.079494136725434e-13,5.1519848551014724e-12,3.5363484688568664e+16,2.78273820273858e-09,1.8435193421183758e+22,2.2665680900143663e-07,1.4689242956469965e+26,7.494019400836469e-06,2.4209805087561268e+28,0.00019857737561113567
71,0.0,4.470399217012384e-15,1.526540924975878e-19,4.018073768823019e-15,2.961626290377048e-19,1.453365776124561e-14,4.576579497255768e-13,3.6317529153806696e-12,6.401404032643338e+16,2.1241482870879892e-09,4.061901530947739e+22,1.830645506327729e-07,3.6878806995337366e+26,6.2910297168812076e-06,6.448271876620605e+28,0.00017175525354807275
72,0.0,4.384766933004712e-15,1.526540924975878e-19,3.8768808688666615e-15,2.961626290377048e-19,1.0231186110289776e-14,2.5923856256340164e-13,2.570335747454062e-12,1.159097065063107e+17,1.634672803445779e-09,8.956632933206159e+22,1.4802486949359488e-07,9.265226468463381e+26,5.280268085794084e-06,1.7182625568649095e+29,0.0001482848177667847
73,0.0,4.309122955640205e-15,1.526540924975878e-19,3.7742305186470536e-15,2.961626290377048e-19,7.561930907853195e-15,1.4684586468084322e-13,1.8069797905298015e-12,2.099363232160361e+17,1.248408058599816e-09,1.9764745883717345e+23,1.1959553346207525e-07,2.329312986667439e+27,4.432406237918589e-06,4.580690281938242e+29,0.00012767286978159387
74,0.0,4.242392483232182e-15,1.526540924975878e-19,3.68296850363685e-15,2.961626290377048e-19,5.823048121297867e-15,8.318210570511158e-14,1.2754901894548101e-12,3.8034474301160634e+17,9.54028563226772e-10,4.3648022683042966e+23,9.682005377952455e-08,5.859823302449773e+27,3.7282520144572086e-06,1.2216958669044e+30,0.00011027037416339649
75,0.0,4.185741490346394e-15,1.526540924975878e-19,3.609903508158138e-15,2.961626290377048e-19,4.7358887971201835e-15,4.711946277084652e-14,9.042240356091047e-13,6.892680392939411e+17,7.320505542553567e-10,9.646307006338295e+23,7.821411673252684e-08,1.4750841489511836e+28,3.1293201870775805e-06,3.259757076619819e+30,9.535981263953229e-05
76,0.0,4.121209616928189e-15,1.526540924975878e-19,3.547009695894806e-15,2.961626290377048e-19,4.088911350452149e-15,2.6692503213348434e-14,6.405103131523062e-13,1.249449195482045e+18,5.598033263578666e-10,2.1334200144246002e+24,6.314899922467339e-08,3.7154932867373915e+28,2.624008653872749e-06,8.70154802869767e+30,8.238209035692217e-05
77,0.0,4.0807157631303844e-15,1.526540924975878e-19,3.492660449337715e-15,2.961626290377048e-19,3.668988876127248e-15,1.5121448303402708e-14,4.530295643640616e-13,2.2655186877306258e+18,4.2919749644652934e-10,4.721774782311592e+24,5.105391404994411e-08,9.36429507856177e+28,2.1982320540791747e-06,2.323783812950996e+31,7.128032536959166e-05
78,0.0,4.033231864188223e-15,1.526540924975878e-19,3.4468800662426438e-15,2.961626290377048e-19,3.4176623532730426e-15,8.567256705663157e-15,3.2040225805809375e-13,4.1089810197408476e+18,3.276255224276841e-10,1.045786193496027e+25,4.1369935962984043e-08,2.3614810093062268e+29,1.8483558391090747e-06,6.208415188710745e+31,6.171577715806619e-05
79,0.0,3.984774923301511e-15,1.526540924975878e-19,3.4092324963862676e-15,2.961626290377048e-19,3.2438425454552944e-15,4.854908144403602e-15,2.2621798205528904e-13,7.454472484192209e+18,2.510059471354939e-10,2.317845459059066e+25,3.3349882519795545e-08,5.958494456314013e+29,1.5540725622743022e-06,1.659395676177935e+32,5.363627142635514e-05
80,0.0,3.949976156630016e-15,1.526540924975878e-19,3.3708717059283694e-15,2.961626290377048e-19,3.134110988625734e-15,2.751855517373797e-15,1.5989201187269691e-13,1.3527416125132667e+19,1.9297120205294128e-10,5.140731478438815e+25,2.700082095275047e-08,1.504262531885315e+30,1.3091562027759792e-06,4.437127517181288e+32,4.655636361875449e-05
81,0.0,3.903907143873725e-15,1.526540924975878e-19,3.3232987795747783e-15,2.961626290377048e-19,3.0547416128750416e-15,1.5609023920367727e-15,1.1328785191830942e-13,2.4554257020355596e+19,1.485171185847081e-10,1.1409298896303202e+26,2.1858346437417135e-08,3.7995980754264966e+30,1.100437625716291e-06,1.1869583617352339e+33,4.035875836811298e-05
82,0.0,3.870841115034241e-15,1.526540924975878e-19,3.295731435424697e-15,2.961626290377048e-19,2.991399296143626e-15,8.858175688326549e-16,8.030385421804298e-14,4.4581186445147726e+19,1.1396976074246183e-10,2.5338510553003327e+26,1.772027156336948e-08,9.602201908451295e+30,9.276408232442432e-07,3.1765008399499225e+33,3.504223332759442e-05
83,0.0,3.839140743616934e-15,1.526540924975878e-19,3.2673586323904672e-15,2.961626290377048e-19,2.9331716450673036e-15,5.03440844233744e-16,5.710282166255253e-14,8.09632977916405e+19,8.782754663943498e-11,5.6310028569302566e+26,1.4348676039059468e-08,2.4278144082030224e+31,7.790636352364167e-07,8.504365217459073e+33,3.0464060752150674e-05
84,0.0,3.793854297153088e-15,1.526540924975878e-19,3.2437486525759252e-15,2.961626290377048e-19,2.885337377862014e-15,2.871782593142615e-16,4.0497970942739014e-14,1.470738180051369e+20,6.748278355872451e-11,1.2521815291490423e+27,1.1613608626527429e-08,6.141353474470802e+31,6.55856029279758e-07,2.2777770823197637e+34,2.651392294547388e-05
85,0.0,3.7657530367215654e-15,1.526540924975878e-19,3.226035516921239e-15,2.961626290377048e-19,2.843409870996688e-15,1.6467950134641496e-16,2.888755438393817e-14,2.6723419138723126e+20,5.186559515197743e-11,2.7862494655883983e+27,9.39045899686798e-09,1.5542087081185923e+32,5.50694476965197e-07,6.103166595343937e+34,2.2969355717131047e-05
86,0.0,3.744093668674282e-15,1.526540924975878e-19,3.2007369365140554e-15,2.961626290377048e-19,2.812251947848863e-15,9.50193001040697e-17,2.0651276790210403e-14,4.8568761644619635e+20,3.975629666751368e-11,6.203518400588477e+27,7.617941593485286e-09,3.934993962444108e+32,4.6406557249640025e-07,1.6359569060872847e+35,1.9879975021747887e-05
87,0.0,3.7299316843930874e-15,1.526540924975878e-19,3.185909785353892e-15,2.961626290377048e-19,2.7786233807708453e-15,5.572496626063565e-17,1.482885013951514e-14,8.829360736631153e+20,3.061073269763487e-11,1.382023718418595e+28,6.162654805332711e-09,9.966931517951983e+32,3.913436208514797e-07,4.3869160667250004e+35,1.7274731262371746e-05
88,0.0,3.710198550105699e-15,1.526540924975878e-19,3.170704283821834e-15,2.961626290377048e-19,2.751764836325904e-15,3.3508493285649294e-17,1.0859517534617087e-14,1.6054899430311026e+21,2.3539587094666554e-11,3.0806778721797007e+28,4.992226381097511e-09,2.5255425219444884e+33,3.286992485620765e-07,1.1768340383395619e+36,1.5000201050485265e-05
89,0.0,3.6816485273659465e-15,1.526540924975878e-19,3.147849928959132e-15,2.961626290377048e-19,2.7290974776763804e-15,2.053160759791636e-17,8.12339930214143e-15,2.920054063211175e+21,1.816672639178576e-11,6.87107122781448e+28,4.0537118228383726e-09,6.402021450223775e+33,2.7655235070404926e-07,3.1581853548771874e+36,1.306279514178271e-05
90,0.0,3.663845814370697e-15,1.526540924975878e-19,3.134883240164859e-15,2.961626290377048e-19,2.7008476268729918e-15,1.3666001508596242e-17,6.269060357445831e-15,5.312244399083472e+21,1.3924589225750212e-11,1.5333592295582322e+29,3.2835072044540077e-09,1.6234631242070245e+34,2.3240129613321886e-07,8.47861507390316e+36,1.1358085264071823e-05
91,0.0,3.642191699572815e-15,1.526540924975878e-19,3.1142092854701034e-15,2.961626290377048e-19,2.6787794123394406e-15,9.665196326541908e-18,4.969762819818773e-15,9.666470596077647e+21,1.0715721288464572e-11,3.423722846159519e+29,2.668033266867632e-09,4.1183607603136937e+34,1.9560722650879208e-07,2.277065607113069e+37,9.899187002116862e-06
92,0.0,3.620998584326825e-15,1.526540924975878e-19,3.1024962982183865e-15,2.961626290377048e-19,2.6583758855299626e-15,8.020326035610283e-18,4.08021793525835e-15,1.759379123525413e+22,8.197695614732351e-12,7.648608689874953e+29,2.1698038342194843e-09,1.0450979573331383e+35,1.6510379266151016e-07,6.1176878180962105e+37,8.585405497011042e-06
93,0.0,3.601057549595934e-15,1.526540924975878e-19,3.0893273683443728e-15,2.961626290377048e-19,2.6424374955417014e-15,6.652404408049416e-18,3.4892281124681293e-15,3.202959380308122e+22,6.307738156503186e-12,1.7095797666745223e+30,1.7555550419107822e-09,2.6529828616700837e+35,1.3885786716781566e-07,1.644212812020408e+38,7.464783033182576e-06
94,0.0,3.584922121903274e-15,1.526540924975878e-19,3.0779139257471286e-15,2.961626290377048e-19,2.624678209554861e-15,5.735403847841698e-18,3.080988356533413e-15,5.832339671606934e+22,4.860413287706819e-12,3.8230795404865186e+30,1.4234762432075743e-09,6.736760345565071e+35,1.1706636299693212e-07,4.4206471192963506e+38,6.494671928205987e-06
95,0.0,3.5744727159677716e-15,1.526540924975878e-19,3.0732371754401697e-15,2.961626290377048e-19,2.610121380783072e-15,5.30260702409107e-18,2.821902738273536e-15,1.0622639805623407e+23,3.737885535471886e-12,8.553587881449405e+30,1.1525582545961448e-09,1.7112029254992575e+36,9.874276424557565e-08,1.1889638104341266e+39,5.647971056773257e-06
96,0.0,3.554268593333381e-15,1.526540924975878e-19,3.0635173251790945e-15,2.961626290377048e-19,2.5915256779097546e-15,4.540499613208324e-18,2.6173324557399663e-15,1.935170610022384e+23,2.8738712993016735e-12,1.9146454426842677e+31,9.349185766057324e-10,4.347909026648618e+36,8.308056030797225e-08,3.1989272942453276e+39,4.920195012919802e-06
97,0.0,3.5360345339428983e-15,1.526540924975878e-19,3.059738189785538e-15,2.961626290377048e-19,2.5755704564454942e-15,4.2796978024539065e-18,2.4754928798142534e-15,3.526160795222708e+23,2.214898739340531e-12,4.287731072468597e+31,7.574801364515105e-10,1.1050522490051772e+37,6.983976920480095e-08,8.609759270791939e+39,4.288450724663598e-06
98,0.0,3.519006139202171e-15,1.526540924975878e-19,3.0489221374056714e-15,2.961626290377048e-19,2.5582901774394707e-15,4.037241817978307e-18,2.3765273073912047e-15,6.426579847358859e+23,1.704628464181911e-12,9.606385186763082e+31,6.156095795300727e-10,2.8093360788170613e+37,5.8910882261366845e-08,2.3180696716997827e+40,3.7290387733074197e-06
99,0.0,3.5001209834849903e-15,1.526540924975878e-19,3.043416326518779e-15,2.961626290377048e-19,2.5491890152543383e-15,3.861386309779736e-18,2.311790984897094e-15,1.1715249484723328e+24,1.30924770853124e-12,2.153178105111112e+32,5.008117102160584e-10,7.14394944981345e+37,4.9631989887394925e-08,6.243220919781003e+40,3.2496867621858564e-06
100,0.0,3.49391712632749e-15,1.526540924975878e-19,3.0326568131657493e-15,2.961626290377048e-19,2.541145568142634e-15,3.887142692190511e-18,2.257266608320267e-15,2.1360721253714978e+24,1.010615181397912e-12,4.828160651309373e+32,4.057441185827552e-10,1.8171144628757625e+38,4.175014861234018e-08,1.6820369951254099e+41,2.8313435968099757e-06
101,0.0,3.4865335574660774e-15,1.526540924975878e-19,3.022587253342383e-15,2.961626290377048e-19,2.529284005956664e-15,3.681216161462257e-18,2.2186271416108165e-15,3.89557816275085e+24,7.807503358522419e-13,1.0830777999674476e+33,3.3002296791319946e-10,4.6230761147745344e+38,3.520381923717391e-08,4.5331998536511764e+41,2.4707729142182223e-06
102,0.0,3.4803515099474177e-15,1.526540924975878e-19,3.0138227814973937e-15,2.961626290377048e-19,2.5176600806275147e-15,3.8466981470847705e-18,2.177080451444156e-15,7.105889929817263e+24,6.005687928031733e-13,2.430570707487894e+33,2.6835808060487274e-10,1.1764688225584596e+39,2.96343408350376e-08,1.2221218565182907e+42,2.157385735175824e-06
103,0.0,3.4770952453368354e-15,1.526540924975878e-19,3.012549595339267e-15,2.961626290377048e-19,2.511359076271311e-15,3.670139652650356e-18,2.1471343963190707e-15,1.2964461443310956e+25,4.602128276385402e-13,5.456599855244609e+33,2.1814127720025956e-10,2.994514040963101e+39,2.494724846443443e-08,3.2958110321477065e+42,1.8784000727114002e-06
104,0.0,3.4679418045606177e-15,1.526540924975878e-19,3.0041707757907916e-15,2.961626290377048e-19,2.5041087529108244e-15,3.8324083636318904e-18,2.1219581443654393e-15,2.3658044654856475e+25,3.527733756520423e-13,1.225450798911426e+34,1.7688689780820856e-10,7.623684676997029e+39,2.1031708501672064e-08,8.890906703426588e+42,1.6395860626988206e-06
105,0.0,3.462680726412547e-15,1.526540924975878e-19,2.9990363214485e-15,2.961626290377048e-19,2.494045881794431e-15,3.72654314726133e-18,2.098463856520273e-15,4.318078078897584e+25,2.722384359697577e-13,2.753115090734259e+34,1.43771323672397e-10,1.9412987495049628e+40,1.776033568669435e-08,2.3991840232380756e+43,1.4309453982843761e-06
106,0.0,3.4545330674785674e-15,1.526540924975878e-19,2.988859337909562e-15,2.961626290377048e-19,2.4866010086995427e-15,3.813312564214388e-18,2.0786407572789577e-15,7.882941981083911e+25,2.0938377206528748e-13,6.187318509850824e+34,1.1704883156438813e-10,4.944303109413678e+40,1.5000016887778667e-08,6.476086152892671e+43,1.2468653986503537e-06
107,0.0,3.449665950866024e-15,1.526540924975878e-19,2.979847902521721e-15,2.961626290377048e-19,2.4795364024448364e-15,3.670951157403737e-18,2.0626151494915437e-15,1.4393661576681974e+26,1.6128208011126738e-13,1.3909938695887205e+35,9.507573336272035e-11,1.259504109938828e+41,1.2656649901438321e-08,1.748602155241587e+44,1.0872107437849908e-06
108,0.0,3.442947294860438e-15,1.526540924975878e-19,2.9662462529173685e-15,2.961626290377048e-19,2.475245553438973e-15,3.734272120952659e-18,2.0462430221208977e-15,2.6286834403788466e+26,1.2510519864643054e-13,3.1281511595665513e+35,7.723112599128897e-11,3.2090208897034933e+41,1.0690460319857992e-08,4.722766974754785e+44,9.466742478669621e-07
109,0.0,3.4305490216932894e-15,1.526540924975878e-19,2.9608277983549087e-15,2.961626290377048e-19,2.470942542517828e-15,3.7117689118175314e-18,2.0322482343980023e-15,4.801625307092113e+26,9.646068234635755e-14,7.036963093637784e+35,6.285073333563983e-11,8.17750371599315e+41,9.013015914726284e-09,1.275930218473951e+45,8.28043945687615e-07
110,0.0,3.4175808562945646e-15,1.526540924975878e-19,2.9577415190853047e-15,2.961626290377048e-19,2.4635895461652114e-15,3.90417648143282e-18,2.0195220885245202e-15,8.77243494964135e+26,7.44041408438673e-14,1.5834823198494316e+36,5.0989080664998213e-11,2.084208356124599e+42,7.590174304358355e-09,3.448101229934316e+45,7.237388243572174e-07
111,0.0,3.410095911926336e-15,1.526540924975878e-19,2.9507358778119174e-15,2.961626290377048e-19,2.4570606833850976e-15,3.673207676083417e-18,2.0062911990328694e-15,1.6029976962249454e+27,5.770275390965762e-14,3.5642410248895493e+36,4.141396566110863e-11,5.312888999217206e+42,6.380671445618598e-09,9.32080785368928e+45,6.319143043071224e-07
112,0.0,3.4074514402226796e-15,1.526540924975878e-19,2.940697682644407e-15,2.961626290377048e-19,2.452529368846602e-15,3.515863923530517e-18,1.9963061100317822e-15,2.929715427360443e+27,4.476988361547704e-14,8.024951772278975e+36,3.365243644036263e-11,1.354524140301147e+43,5.3871695445189135e-09,2.520260056828864e+46,5.518155814424575e-07
113,0.0,3.402845315577432e-15,1.526540924975878e-19,2.939234618636841e-15,2.961626290377048e-19,2.4455714904787366e-15,3.2915725737576336e-18,1.987002189060113e-15,5.355459346175808e+27,3.449586211398633e-14,1.8073200226901664e+37,2.7404999392499046e-11,3.4538736005836885e+43,4.535130313205536e-09,6.816370816906828e+46,4.826426857435861e-07
114,0.0,3.3941009135650627e-15,1.526540924975878e-19,2.9383423189735964e-15,2.961626290377048e-19,2.4423112190706846e-15,3.710043001472726e-18,1.9767856485561687e-15,9.791420937232821e+27,2.6721467313324946e-14,4.071372281624178e+37,2.2303912083763165e-11,8.808200896310435e+43,3.836549704975309e-09,1.844059448641158e+47,4.2156064951056827e-07
115,0.0,3.387503108125884e-15,1.526540924975878e-19,2.936175087633882e-15,2.961626290377048e-19,2.436641131633042e-15,3.6874183986741905e-18,1.9733305709302054e-15,1.7904878737074049e+28,2.0718356437056146e-14,9.17393552028178e+37,1.8168738674015416e-11,2.2466042127439484e+44,3.2397404186681954e-09,4.990089118619449e+47,3.686092606055548e-07
116,0.0,3.378877508970159e-15,1.526540924975878e-19,2.931055112361557e-15,2.961626290377048e-19,2.4342026483656442e-15,4.035176219679362e-18,1.9710120282635117e-15,3.274708769971444e+28,1.613052706422794e-14,2.0676440182357145e+38,1.4778975884152063e-11,5.730890635096686e+44,2.728908657600879e-09,1.3506760254606208e+48,3.218856906102128e-07
117,0.0,3.3721040726580615e-15,1.526540924975878e-19,2.9301250855493322e-15,2.961626290377048e-19,2.43181186116043e-15,3.678441414830455e-18,1.9652586777753327e-15,5.990300270280469e+28,1.2607383931774593e-14,4.661195289907772e+38,1.2011906600609761e-11,1.4620814748517535e+45,2.303171633067943e-09,3.656801873296004e+48,2.815546435122574e-07
118,0.0,3.368342635563803e-15,1.526540924975878e-19,2.9276467012085838e-15,2.961626290377048e-19,2.4270947669124774e-15,3.8487530435956966e-18,1.9575894056488973e-15,1.0959685541612171e+29,1.00083590994453e-14,1.0510336373354347e+39,9.78371382177526e-12,3.730548867623237e+45,1.9426065965679763e-09,9.902774314351696e+48,2.4591109240141283e-07
119,0.0,3.364079855380038e-15,1.526540924975878e-19,2.9232333421716045e-15,2.961626290377048e-19,2.424309260443532e-15,4.1039709339393736e-18,1.9479896721753644e-15,2.0054884876409106e+29,7.95863518710795e-15,2.3704466115591995e+39,7.927900841163294e-12,9.519705037263432e+45,1.6421236736050145e-09,2.6823498579988696e+49,2.144343640758854e-07
120,0.0,3.3636611553089527e-15,1.526540924975878e-19,2.920009285679818e-15,2.961626290377048e-19,2.415827464151983e-15,3.9963906501449035e-18,1.941225620727609e-15,3.670403633409181e+29,6.440330790579634e-15,5.347300142936293e+39,6.487056017408233e-12,2.4295275836951825e+46,1.3852276409490522e-09,7.267331148740903e+49,1.8773943391469883e-07
121,0.0,3.3600249387304653e-15,1.526540924975878e-19,2.9132264325095926e-15,2.961626290377048e-19,2.407152498520888e-15,4.020259548057726e-18,1.935206213756516e-15,6.718588667597254e+29,5.282680962335483e-15,1.2064975704270402e+40,5.266511549861018e-12,6.201058477390946e+46,1.1728411186856318e-09,1.969397504317438e+50,1.6370086108258115e-07
122,0.0,3.3577015365481607e-15,1.526540924975878e-19,2.911504152082903e-15,2.961626290377048e-19,2.406088407772218e-15,3.839391981869207e-18,1.9311010559841178e-15,1.230019119960776e+30,4.42299562949992e-15,2.7227178911361714e+40,4.295529422213785e-12,1.582900509767414e+47,9.908360255110347e-10,5.338124039604026e+50,1.4341731815587432e-07
123,0.0,3.355594928489745e-15,1.526540924975878e-19,2.906637107812528e-15,2.961626290377048e-19,2.4015719794676618e-15,3.8230249975614404e-18,1.924053319574809e-15,2.252237937300187e+30,3.803315390788383e-15,6.14553995647984e+40,3.487753914912014e-12,4.040949630130881e+47,8.377061058923166e-10,1.4472339624317365e+51,1.25316627577716e-07
124,0.0,3.3469985372257754e-15,1.526540924975878e-19,2.902670558535714e-15,2.961626290377048e-19,2.3977750731622225e-15,3.878623643717854e-18,1.9205464689279967e-15,4.1246233669057693e+30,3.314732489568925e-15,1.3873807574080271e+41,2.8291872643414507e-12,1.0317003606167409e+48,7.093570719369222e-10,3.924475503884929e+51,1.0940235261782792e-07
125,0.0,3.340754817843712e-15,1.526540924975878e-19,2.9032099740991608e-15,2.961626290377048e-19,2.3934581395934057e-15,3.784330341692011e-18,1.9147214497723377e-15,7.554765317644301e+30,2.9657730664025583e-15,3.1326120825034246e+41,2.2994911425275926e-12,2.6342829896938452e+48,6.018577120595652e-10,1.0644255790841763e+52,9.56733221229737e-08
126,0.0,3.3373843063980215e-15,1.526540924975878e-19,2.897786541935287e-15,2.961626290377048e-19,2.392646965520821e-15,3.527314049217454e-18,1.909795582025083e-15,1.3839593956706166e+31,2.694305278602482e-15,7.074408226150542e+41,1.8738749292701777e-12,6.726798424950231e+48,5.089224346526447e-10,2.8876052397929206e+52,8.379921652090747e-08
127,0.0,3.3319233399002976e-15,1.526540924975878e-19,2.892903253755799e-15,2.961626290377048e-19,2.3903640546067604e-15,3.882619456075085e-18,1.904538338625114e-15,2.535656709235134e+31,2.4851561655728545e-15,1.5978774730915124e+42,1.5281744216571861e-12,1.7178690217013083e+49,4.2972639423451454e-10,7.835148662561181e+52,7.339614472251573e-08
128,0.0,3.3303578957104855e-15,1.526540924975878e-19,2.890376139931948e-15,2.961626290377048e-19,2.390046905941157e-15,3.826346775868349e-18,1.8962129446711854e-15,4.646450936483373e+31,2.3388211245110922e-15,3.609641723444045e+42,1.2421723424407771e-12,4.387386556892842e+49,3.633195556295588e-10,2.1263837836584473e+53,6.42991182778186e-08
129,0.0,3.328605975133308e-15,1.526540924975878e-19,2.8876844867352885e-15,2.961626290377048e-19,2.3844740321196294e-15,3.4645937102537198e-18,1.8908334941024492e-15,8.51559719470966e+31,2.2227779871658793e-15,8.155479295516637e+42,1.0133574351051184e-12,1.1206102745330082e+50,3.0853852717186387e-10,5.771904937905178e+53,5.610546244855441e-08
130,0.0,3.325090496857564e-15,1.526540924975878e-19,2.8831131529051407e-15,2.961626290377048e-19,2.380663267911228e-15,3.573495441054707e-18,1.8872405942236305e-15,1.5608845841664143e+32,2.140198119725838e-15,1.8428807770911231e+43,8.236345203253899e-13,2.8624297388417566e+50,2.612376374072345e-10,1.567032273617382e+54,4.918075374625767e-08
131,0.0,3.3262416198534674e-15,1.526540924975878e-19,2.8808230613585506e-15,2.961626290377048e-19,2.3730215453958896e-15,3.576422362524901e-18,1.8837376682388536e-15,2.8614586817957265e+32,2.0710844693400687e-15,4.164904314477612e+43,6.704618533730338e-13,7.312154324999361e+50,2.2077322729256718e-10,4.2551623986298036e+54,4.3078073296123854e-08
132,0.0,3.3237454113799525e-15,1.526540924975878e-19,2.8763105586367674e-15,2.961626290377048e-19,2.3702651265584995e-15,3.4733573226019845e-18,1.8801313868948106e-15,5.2464345901658645e+32,2.0216166490451857e-15,9.413922492288758e+43,5.475304766147538e-13,1.868034685878817e+51,1.8777152400945585e-10,1.155665022308487e+55,3.772886698634149e-08
133,0.0,3.3243497550086208e-15,1.526540924975878e-19,2.8703112105588094e-15,2.961626290377048e-19,2.371381869297522e-15,3.3553980421735237e-18,1.8770535639336093e-15,9.620557491708104e+32,1.9771482689351996e-15,2.1280991410604683e+44,4.4621136853520906e-13,4.772571498097572e+51,1.5900138062506398e-10,3.139233803036329e+55,3.298081182631828e-08
134,0.0,3.3208833228639313e-15,1.526540924975878e-19,2.8690248239540313e-15,2.961626290377048e-19,2.3730599947764644e-15,3.7746835587104074e-18,1.8752025691796924e-15,1.7643897070074601e+33,1.9423433043712374e-15,4.811346877628552e+44,3.630371788175852e-13,1.2194016130735569e+52,1.3489043544604015e-10,8.528830474257991e+55,2.8890443994668436e-08
135,0.0,3.3151714292781003e-15,1.526540924975878e-19,2.867632280801456e-15,2.961626290377048e-19,2.367550526236696e-15,3.4553005486339918e-18,1.8714646309696605e-15,3.2362808781502325e+33,1.9158564629991563e-15,1.0879102257417865e+45,2.9613518256339235e-13,3.115780410627127e+52,1.1416854030928172e-10,2.31754257880541e+56,2.524350424683182e-08
136,0.0,3.3120396309659935e-15,1.526540924975878e-19,2.867836408906203e-15,2.961626290377048e-19,2.3687429134734944e-15,3.157343266159705e-18,1.8719457390457307e-15,5.936827616630264e+33,1.897074991396742e-15,2.460192583000928e+45,2.410601032798298e-13,7.961807268441225e+52,9.661109418809893e-11,6.298493783086226e+56,2.210851810781188e-08
137,0.0,3.31063627559285e-15,1.526540924975878e-19,2.867614474645613e-15,2.961626290377048e-19,2.3614100852105393e-15,3.1527339763456642e-18,1.8691571146463043e-15,1.0892268650640372e+34,1.8793421114761835e-15,5.564074766090952e+45,1.9600826972518728e-13,2.034605650837542e+53,8.16069579354299e-11,1.712043461432705e+57,1.934125654158363e-08
138,0.0,3.307879707833373e-15,1.526540924975878e-19,2.8647922868960944e-15,2.961626290377048e-19,2.3593811034417685e-15,3.2371891531953306e-18,1.8627793473741443e-15,1.9986514689066723e+34,1.862560234235211e-15,1.2585278655494488e+46,1.5880681461290914e-13,5.199620752231643e+53,6.910345028121898e-11,4.654364027852603e+57,1.6931240510231222e-08
139,0.0,3.303263776987516e-15,1.526540924975878e-19,2.8599312331882505e-15,2.961626290377048e-19,2.3548185367782784e-15,3.2731272426316837e-18,1.861430958571652e-15,3.6678347387814166e+34,1.8434436040570726e-15,2.8469315726802597e+46,1.2924057530795518e-13,1.328877760531955e+54,5.852893534751177e-11,1.265528139214261e+58,1.4799185047886877e-08
140,0.0,3.2936690314666485e-15,1.526540924975878e-19,2.8584180931143747e-15,2.961626290377048e-19,2.353779479074216e-15,3.4070854104868583e-18,1.859149466606567e-15,6.731867874427718e+34,1.831485827220396e-15,6.440712129352623e+46,1.0505500027112785e-13,3.396405105630712e+54,4.963577307756331e-11,3.441498681299453e+58,1.2955529894347069e-08
141,0.0,3.2939566147273423e-15,1.526540924975878e-19,2.8607054281433625e-15,2.961626290377048e-19,2.350377419201483e-15,3.3101198251287035e-18,1.859540929078769e-15,1.2357018894603058e+35,1.819189500376238e-15,1.4572425063888225e+47,8.529875589500627e-14,8.681088884907256e+54,4.2038987006260854e-11,9.360223685760544e+58,1.1336333064680926e-08
142,0.0,3.2902660562590362e-15,1.526540924975878e-19,2.8561571566343218e-15,2.961626290377048e-19,2.3489661980571416e-15,3.766809427316511e-18,1.8538283389173305e-15,2.2685237064504675e+35,1.801749841020548e-15,3.297382518704047e+47,6.972895647804693e-14,2.2189545166867233e+55,3.564817254919637e-11,2.546162822994075e+59,9.915973051108696e-09
143,0.0,3.286900588323422e-15,1.526540924975878e-19,2.8499816609854883e-15,2.961626290377048e-19,2.3496167632384404e-15,3.428268860353071e-18,1.8518374494037914e-15,4.165082500076942e+35,1.7872769349774176e-15,7.46182267809172e+47,5.690186831138233e-14,5.672066617887228e+55,3.0219377642244756e-11,6.927012640214412e+59,8.688979817615464e-09
144,0.0,3.2804209211915318e-15,1.526540924975878e-19,2.84210152665949e-15,2.961626290377048e-19,2.3450308845685795e-15,3.7023248940916664e-18,1.846078734049665e-15,7.648103722152402e+35,1.781802314913686e-15,1.6887182650478655e+48,4.6619414119711447e-14,1.4499474005643885e+56,2.565992372154093e-11,1.8847954165235335e+60,7.620059485638433e-09
145,0.0,3.279065276743279e-15,1.526540924975878e-19,2.8413786432912017e-15,2.961626290377048e-19,2.3436020164736806e-15,3.784102667206177e-18,1.8447096600460865e-15,1.4045364518588064e+36,1.770204563271839e-15,3.822124285786853e+48,3.796247717989244e-14,3.7066406235887936e+56,2.1754410401394768e-11,5.1290800863278576e+60,6.663809683158164e-09
146,0.0,3.2737959252053934e-15,1.526540924975878e-19,2.8430169900816277e-15,2.961626290377048e-19,2.3418700629838146e-15,3.756767515743966e-18,1.843980067516585e-15,2.579648687006453e+36,1.7637005981883402e-15,8.651400840494393e+48,3.084474874619087e-14,9.476006681900933e+56,1.8383081225511575e-11,1.3959517154832273e+61,5.83006049145752e-09
147,0.0,3.273612810441083e-15,1.526540924975878e-19,2.8349424920072564e-15,2.961626290377048e-19,2.3373291126440734e-15,3.497637637630247e-18,1.843749509669478e-15,4.7384428679575954e+36,1.7561575699058082e-15,1.95839745331583e+49,2.519197368254348e-14,2.4226252607198367e+57,1.557900952897782e-11,3.799755240953722e+61,5.107958130948009e-09
148,0.0,3.2738772736109465e-15,1.526540924975878e-19,2.8335369250288246e-15,2.961626290377048e-19,2.3343079514427665e-15,3.692651568294404e-18,1.844601611944649e-15,8.704774093503352e+36,1.7539383963034664e-15,4.433500935604677e+49,2.0626565132221932e-14,6.193876167976438e+57,1.323228726079737e-11,1.0344126989303961e+62,4.48099180848525e-09
149,0.0,3.2728381361035175e-15,1.526540924975878e-19,2.829749657322379e-15,2.961626290377048e-19,2.330693803326488e-15,3.634722559382469e-18,1.839351581884295e-15,1.5992832255059513e+37,1.7475131290954346e-15,1.0037445091326162e+50,1.693178902227223e-14,1.5836295711177685e+58,1.1210679334563083e-11,2.816331505414733e+62,3.928695674464768e-09
150,0.0,3.2711427466000928e-15,1.526540924975878e-19,2.8291494014221245e-15,2.961626290377048e-19,2.327546766535106e-15,3.447129914422806e-18,1.83688241832312e-15,2.9385869043792304e+37,1.7466349645819799e-15,2.27263063473996e+50,1.3923084739125308e-14,4.0491039962931953e+58,9.503947802901154e-12,7.66874250452668e+62,3.4431296887318167e-09
151,0.0,3.2669233916480882e-15,1.526540924975878e-19,2.829883143057532e-15,2.961626290377048e-19,2.324671138651457e-15,3.56810387708222e-18,1.838128601594417e-15,5.400030879188739e+37,1.7351662608424011e-15,5.145916754166251e+50,1.1495018207187753e-14,1.0353280099534618e+59,8.062011140145093e-12,2.088400366732549e+63,3.0185313004518184e-09
152,0.0,3.2671406570975673e-15,1.526540924975878e-19,2.823158420900839e-15,2.961626290377048e-19,2.324885303263665e-15,3.535000670437188e-18,1.834810735810164e-15,9.92425176221127e+37,1.7325830741332187e-15,1.1652627207711545e+51,9.535382823681815e-15,2.647342803370475e+59,6.813040964081065e-12,5.6878926094926994e+63,2.6384642806924842e-09
153,0.0,3.2660571071057358e-15,1.526540924975878e-19,2.8184845924123106e-15,2.961626290377048e-19,2.3232589817343943e-15,3.2201619870847686e-18,1.8302054876348458e-15,1.8240738435695847e+38,1.7262839283518919e-15,2.6388284423148135e+51,7.960789201423663e-15,6.769476538771384e+59,5.766385489868386e-12,1.549301223434378e+64,2.3161867854080284e-09
154,0.0,3.2623331326434103e-15,1.526540924975878e-19,2.8154593448348053e-15,2.961626290377048e-19,2.3207069729294345e-15,3.6795684336839196e-18,1.828518248900251e-15,3.3529684624994534e+38,1.7249188400338493e-15,5.976180643805693e+51,6.7093990019423246e-15,1.7310603290409416e+60,4.898714899318359e-12,4.220520766562389e+64,2.029077975266185e-09
155,0.0,3.2587114450216785e-15,1.526540924975878e-19,2.8143614081286188e-15,2.961626290377048e-19,2.3189617127815435e-15,3.494591314462502e-18,1.8324503314972315e-15,6.16393766526023e+38,1.7174282016263712e-15,1.353507350851934e+52,5.69804147513225e-15,4.426710003108845e+60,4.153477144908568e-12,1.1498489719596568e+65,1.7815355952305217e-09
156,0.0,3.25370767607621e-15,1.526540924975878e-19,2.8114233597995288e-15,2.961626290377048e-19,2.3182208635008257e-15,3.734200299126728e-18,1.8306756224988668e-15,1.1332560362030095e+39,1.7147426695637933e-15,3.065638799662654e+52,4.895135381610055e-15,1.1320386432184658e+61,3.5107198249413854e-12,3.1329902945146164e+65,1.5594909569024269e-09
157,0.0,3.2540274115185117e-15,1.526540924975878e-19,2.8116594518791528e-15,2.961626290377048e-19,2.3163481337016345e-15,3.538434568826044e-18,1.82864965464899e-15,2.083714448143165e+39,1.7074197967493847e-15,6.943908143058573e+52,4.254508931951028e-15,2.8950250219455455e+61,2.9710544790452493e-12,8.537283796424164e+65,1.370202180112691e-09
158,0.0,3.2513593806728255e-15,1.526540924975878e-19,2.809060184498413e-15,2.961626290377048e-19,2.3176969671852208e-15,3.635375450441819e-18,1.823273598286302e-15,3.831669658113138e+39,1.7027965908437185e-15,1.572927682283631e+53,3.762266076119841e-15,7.403786299330722e+61,2.5077046960699165e-12,2.3266002252892255e+66,1.2023618708880154e-09
159,0.0,3.250789423305024e-15,1.526540924975878e-19,2.8072872315934604e-15,2.961626290377048e-19,2.310060880759726e-15,3.3824083480318788e-18,1.821197414056478e-15,7.046556794571444e+39,1.69720385491432e-15,3.563153798180547e+53,3.3605146926232546e-15,1.8935009270364217e+62,2.127793489473289e-12,6.341093750492367e+66,1.053690969423572e-09
160,0.0,3.248940384932759e-15,1.526540924975878e-19,2.8055955107789107e-15,2.961626290377048e-19,2.306088773515641e-15,3.7377895246814655e-18,1.8153129389921373e-15,1.2959977503543651e+40,1.6951343595672656e-15,8.071990721307398e+53,3.041391773040564e-15,4.842692452803077e+62,1.8051125131348801e-12,1.7284067371228665e+67,9.24674696194673e-10
161,0.0,3.2490202359711785e-15,1.526540924975878e-19,2.8066820494747777e-15,2.961626290377048e-19,2.299725923768813e-15,3.4820864501462624e-18,1.817735858471424e-15,2.3837971537677706e+40,1.6928321921060718e-15,1.828716107182444e+54,2.7844028566508906e-15,1.2385616141308284e+63,1.5339508341767417e-12,4.71157518864085e+67,8.125320613991658e-10
162,0.0,3.248613252269044e-15,1.526540924975878e-19,2.805905007850237e-15,2.961626290377048e-19,2.3002283687389847e-15,4.008063499061081e-18,1.8150542134071875e-15,4.385018980772947e+40,1.6863661074183244e-15,4.1431511946835604e+54,2.570683305777771e-15,3.1677971088353548e+63,1.2989431905347097e-12,1.2844693801906387e+68,7.123605528577347e-10
163,0.0,3.2482935715112937e-15,1.526540924975878e-19,2.8069863017717277e-15,2.961626290377048e-19,2.2988061108874392e-15,3.789199762260399e-18,1.811515026383881e-15,8.066964991599768e+40,1.6888721928823478e-15,9.387143610408823e+54,2.4062008984050666e-15,8.102252680722569e+63,1.0981946156620635e-12,3.5020143193358037e+68,6.24425434239519e-10
164,0.0,3.243725785508029e-15,1.526540924975878e-19,2.806818904737759e-15,2.961626290377048e-19,2.2961610240021955e-15,3.618250947967969e-18,1.808085970243074e-15,1.484173840583163e+41,1.6844183290058337e-15,2.1269324012698867e+55,2.2717061914746326e-15,2.0723474568847565e+64,9.316218375791107e-13,9.548776140806377e+68,5.473161476705266e-10
165,0.0,3.2386714855295197e-15,1.526540924975878e-19,2.8059869552555533e-15,2.961626290377048e-19,2.2906999379055518e-15,3.480651915807249e-18,1.8065903204727856e-15,2.7308300910639975e+41,1.6825290161002057e-15,4.819376325369035e+55,2.171591985360859e-15,5.300629138431703e+64,7.923649515545894e-13,2.6038278153160844e+69,4.803587100008616e-10
166,0.0,3.2384999119496284e-15,1.526540924975878e-19,2.8032043505563334e-15,2.961626290377048e-19,2.288607494833865e-15,3.358016185902151e-18,1.804437206832753e-15,5.025037458271463e+41,1.6812759518450529e-15,1.0920545321347715e+56,2.0884090972775595e-15,1.355813737924077e+65,6.720135623489018e-13,7.100856112220503e+69,4.198241397401198e-10
167,0.0,3.2370330687974264e-15,1.526540924975878e-19,2.8007858653971014e-15,2.961626290377048e-19,2.288933603373655e-15,3.3186424272723234e-18,1.803426291398702e-15,9.247366344227917e+41,1.6779010643851913e-15,2.4746487971663993e+56,2.0252076994245848e-15,3.4680082419671824e+65,5.690441559264204e-13,1.936610263915383e+70,3.6773526355456915e-10
168,0.0,3.2324822880855947e-15,1.526540924975878e-19,2.8021358564854505e-15,2.961626290377048e-19,2.2893970179839443e-15,3.3168044156884513e-18,1.8033765043405442e-15,1.7018856887870532e+42,1.6774877894099847e-15,5.607871202434414e+56,1.9685352067525747e-15,8.870894615496443e+65,4.828322851216145e-13,5.282092465181195e+70,3.222632681629063e-10
169,0.0,3.2317576667944735e-15,1.526540924975878e-19,2.8008460366543392e-15,2.961626290377048e-19,2.2866273925199798e-15,3.606503669762953e-18,1.8032805416565084e-15,3.132389144793956e+42,1.673332068228158e-15,1.270858419560644e+57,1.9184004142227997e-15,2.269141954082449e+66,4.1054328846223397e-13,1.440791807505647e+71,2.824213370860845e-10
170,0.0,3.231857256196263e-15,1.526540924975878e-19,2.799311536006386e-15,2.961626290377048e-19,2.283592212624378e-15,3.599394736457181e-18,1.80445663460201e-15,5.76571910537194e+42,1.6699763446405686e-15,2.880119338717978e+57,1.8867785999913376e-15,5.8044704714165936e+66,3.4847118876813544e-13,3.9303131049754536e+71,2.475900747090201e-10
171,0.0,3.2309961786765976e-15,1.526540924975878e-19,2.798609677242722e-15,2.961626290377048e-19,2.285090666382356e-15,3.642832469694702e-18,1.7997423724595294e-15,1.0613610644589328e+43,1.6663117160663853e-15,6.527358692715513e+57,1.857528851336016e-15,1.4848069783771179e+67,2.955471885369178e-13,1.0722177774587544e+72,2.1729335181690368e-10
172,0.0,3.229775736359867e-15,1.526540924975878e-19,2.7950388880076947e-15,2.961626290377048e-19,2.2831554352624894e-15,3.952299539456451e-18,1.7995552399543037e-15,1.9539083401339756e+43,1.6645755256389195e-15,1.479372991128096e+58,1.8378198128505004e-15,3.798250593279516e+67,2.5022017827443693e-13,2.9252841554201805e+72,1.9080267531964795e-10
173,0.0,3.226265776603295e-15,1.526540924975878e-19,2.7946105084988846e-15,2.961626290377048e-19,2.2796286455373805e-15,3.2580775187173996e-18,1.7993282590265097e-15,3.597295025215886e+43,1.666697534894452e-15,3.352977581588112e+58,1.8129164816167986e-15,9.716351678251213e+67,2.1172113564664924e-13,7.98144637192878e+72,1.6743787234459797e-10
174,0.0,3.224933818449837e-15,1.526540924975878e-19,2.7914601310820483e-15,2.961626290377048e-19,2.2772598398414526e-15,3.4141296460293047e-18,1.799372968873195e-15,6.623358203611037e+43,1.663379685637143e-15,7.599691000492342e+58,1.7981527845193294e-15,2.4855849930532284e+68,1.7966928451604613e-13,2.1778247537266368e+73,1.4699836430200516e-10
175,0.0,3.2248856929325228e-15,1.526540924975878e-19,2.790140636384757e-15,2.961626290377048e-19,2.275706885825383e-15,3.25312032985405e-18,1.8017751398323335e-15,1.2195798302254712e+44,1.6627813137152912e-15,1.7225550864769665e+59,1.78212038115769e-15,6.358571883483297e+68,1.5230388566491745e-13,5.942803483549336e+73,1.2934742928264116e-10
176,0.0,3.2204564622776644e-15,1.526540924975878e-19,2.7862443636316794e-15,2.961626290377048e-19,2.2702689575561057e-15,3.3322576598004618e-18,1.7993294288840644e-15,2.2458023102788823e+44,1.6616137256441478e-15,3.9044673860924467e+59,1.764938415548907e-15,1.6266567803787478e+69,1.2900680940585494e-13,1.621758774955146e+74,1.1358553924077709e-10
177,0.0,3.2206649521698787e-15,1.526540924975878e-19,2.7822472362311345e-15,2.961626290377048e-19,2.270913684929044e-15,3.239495489746551e-18,1.797803305321956e-15,4.135819924809847e+44,1.6634706328620253e-15,8.850373220914444e+59,1.7499634549867307e-15,4.1613807497613964e+69,1.0971271059926874e-13,4.4259545170290395e+74,9.967257212580253e-11
178,0.0,3.2183304114485946e-15,1.526540924975878e-19,2.7817495019869962e-15,2.961626290377048e-19,2.269987155420567e-15,3.1427180704710184e-18,1.7959706133376963e-15,7.616931273854208e+44,1.6613517775214524e-15,2.0061901852194025e+60,1.736397805630568e-15,1.0645939136924752e+70,9.33160981235113e-14,1.2079607176574047e+75,8.749698292279161e-11
179,0.0,3.216922369884638e-15,1.526540924975878e-19,2.7831989419139775e-15,2.961626290377048e-19,2.269612186951718e-15,3.1103994647660614e-18,1.796080077685214e-15,1.4028986365314543e+45,1.6549423202382695e-15,4.547712343002922e+60,1.7234189481880854e-15,2.72354983106166e+70,7.910785305108433e-14,3.297032581539363e+75,7.657292250842495e-11
180,0.0,3.2125546019144815e-15,1.526540924975878e-19,2.782801183048882e-15,2.961626290377048e-19,2.2717320252588737e-15,3.1959515019523336e-18,1.7927487912554493e-15,2.5840440840255444e+45,1.651845750256503e-15,1.0309174533427284e+61,1.7094531795259078e-15,6.967730155877786e+70,6.719126577833982e-14,8.999484486864707e+75,6.719320011149344e-11
181,0.0,3.2101872437451013e-15,1.526540924975878e-19,2.7823005170479012e-15,2.961626290377048e-19,2.2690083088340325e-15,3.2075552311577554e-18,1.792779674228905e-15,4.759928729389824e+45,1.6508080153742307e-15,2.3370310564749635e+61,1.702941298725241e-15,1.7825913989314218e+71,5.720163180388301e-14,2.4566054549953898e+76,5.8985617274674e-11
182,0.0,3.2094927484856516e-15,1.526540924975878e-19,2.7802438134932872e-15,2.961626290377048e-19,2.2662154354703264e-15,3.63900447971449e-18,1.794964824003967e-15,8.768542929008045e+45,1.645590673609158e-15,5.298030300894597e+61,1.6908315315136908e-15,4.560543663978924e+71,4.849988432561668e-14,6.706192423477144e+76,5.1841969496277534e-11
183,0.0,3.2095883363083953e-15,1.526540924975878e-19,2.7805359668950533e-15,2.961626290377048e-19,2.2659399336584134e-15,3.639746500810277e-18,1.794116810666981e-15,1.6154012636386437e+46,1.6441317975423626e-15,1.201084170944969e+62,1.6850378702323734e-15,1.166770942836546e+72,4.112274605547262e-14,1.830791459303094e+77,4.5405214698676655e-11
184,0.0,3.2095382846236684e-15,1.526540924975878e-19,2.778961999990483e-15,2.961626290377048e-19,2.263978949244733e-15,3.958967906457521e-18,1.79303978909765e-15,2.976178446261152e+46,1.642155857567021e-15,2.722959618719051e+62,1.6775339828278377e-15,2.985098184485072e+72,3.497298537561156e-14,4.998313317464163e+77,3.991109967792811e-11
185,0.0,3.2081373782400424e-15,1.526540924975878e-19,2.7773033706340586e-15,2.961626290377048e-19,2.2638937456283738e-15,3.4124672306541592e-18,1.7925320311281638e-15,5.483560590883805e+46,1.6402991242069988e-15,6.173300546843437e+62,1.66879026570965e-15,7.637223898067052e+72,2.9762229066834335e-14,1.364675148978565e+78,3.5058240045083726e-11
186,0.0,3.205123501681374e-15,1.526540924975878e-19,2.778221806738509e-15,2.961626290377048e-19,2.2579300510484013e-15,3.8106730370916506e-18,1.79274888622084e-15,1.0103946344404087e+47,1.638034781803884e-15,1.399593206592803e+63,1.6589233927438114e-15,1.9539622833912106e+73,2.535061800330161e-14,3.726111003087608e+78,3.078032521536002e-11
187,0.0,3.203063486904777e-15,1.526540924975878e-19,2.7749424822802936e-15,2.961626290377048e-19,2.2554643351886807e-15,3.1763616147233237e-18,1.790373512005915e-15,1.8618457737030965e+47,1.641536240170492e-15,3.173175896333762e+63,1.65338455227858e-15,4.9991992891559096e+73,2.164062139263716e-14,1.0174252154725925e+79,2.7029833097111233e-11
188,0.0,3.1980653347060037e-15,1.526540924975878e-19,2.7708686059251625e-15,2.961626290377048e-19,2.258267797539457e-15,3.2374588295206806e-18,1.789630013012421e-15,3.4309963160571016e+47,1.6366459515063678e-15,7.194392456930981e+63,1.644925159581409e-15,1.279052046596694e+74,1.8466583391487587e-14,2.7782346539521487e+79,2.3773483758669776e-11
189,0.0,3.1926643834113624e-15,1.526540924975878e-19,2.769745277147939e-15,2.961626290377048e-19,2.25894018433865e-15,3.334599269596575e-18,1.787502567276574e-15,6.322957649267393e+47,1.6380214944646814e-15,1.6311785865314163e+64,1.6365470129841865e-15,3.2724977444059677e+74,1.5741847354588947e-14,7.586729497784728e+79,2.0867628700450545e-11
190,0.0,3.1909634521169187e-15,1.526540924975878e-19,2.7706089720487744e-15,2.961626290377048e-19,2.2572718019966122e-15,3.3728933461667333e-18,1.7843019379420156e-15,1.1653150895981562e+48,1.6391003163014888e-15,3.698418610080338e+64,1.634684181246299e-15,8.372858455857634e+74,1.3472930352628844e-14,2.0718536030019823e+80,1.8329191919328347e-11
191,0.0,3.1903354830629987e-15,1.526540924975878e-19,2.7690217813006082e-15,2.961626290377048e-19,2.2521183521249707e-15,3.815211317228476e-18,1.785064841254908e-15,2.1477768325996987e+48,1.6388239153765852e-15,8.385665909455028e+64,1.6332999111019298e-15,2.14225559006016e+75,1.1532985450802962e-14,5.658246625064312e+80,1.6090272327697372e-11
192,0.0,3.184916852812057e-15,1.526540924975878e-19,2.7647513466104043e-15,2.961626290377048e-19,2.2490519907047843e-15,3.716011154427577e-18,1.7823054839828305e-15,3.958742374682368e+48,1.636916997901209e-15,1.9013661511905374e+65,1.6294970874223693e-15,5.4811520894412174e+75,9.907107142738908e-15,1.5453348146887237e+81,1.4107757674602169e-11
193,0.0,3.182197979734492e-15,1.526540924975878e-19,2.765355163164134e-15,2.961626290377048e-19,2.2471365251909374e-15,3.590515003094556e-18,1.7792390469512304e-15,7.297048837397459e+48,1.6389948472843062e-15,4.31122269854021e+65,1.6260520722924141e-15,1.4024111275600729e+76,8.55000172323391e-15,4.2206640824694845e+81,1.2374459467981959e-11
194,0.0,3.1789447345730573e-15,1.526540924975878e-19,2.767445783548307e-15,2.961626290377048e-19,2.247900995921136e-15,3.626747656754447e-18,1.77707833869406e-15,1.3451131636125981e+49,1.6392362411587224e-15,9.775555477456368e+65,1.6256306865837093e-15,3.588241560514637e+76,7.414072250740702e-15,1.1528055514071993e+82,1.0866591344645093e-11
195,0.0,3.177415520805222e-15,1.526540924975878e-19,2.7692616030852575e-15,2.961626290377048e-19,2.2491747694788013e-15,3.4335611297081602e-18,1.7779357055893377e-15,2.4796568596656084e+49,1.6364652898704438e-15,2.216606080481698e+66,1.620220014816913e-15,9.181015583791084e+76,6.450129291045112e-15,3.148821184313412e+82,9.504985770597814e-12
196,0.0,3.174027150970414e-15,1.526540924975878e-19,2.7655344087943722e-15,2.961626290377048e-19,2.24836180303538e-15,3.7352782052781486e-18,1.778240281195308e-15,4.5713575031793e+49,1.6329462540088433e-15,5.026219954651788e+66,1.6178179508437683e-15,2.3491049099594833e+77,5.663888260108585e-15,8.601143925690128e+82,8.362713916707956e-12
197,0.0,3.1730688882212827e-15,1.526540924975878e-19,2.764189532266084e-15,2.961626290377048e-19,2.2451242289903075e-15,3.3852110925840515e-18,1.7780091173085064e-15,8.427898043042497e+49,1.6330377355988137e-15,1.1397252429561671e+67,1.6143844287483428e-15,6.010583650269924e+77,4.992938100261049e-15,2.3495263856296848e+83,7.324550035532173e-12
198,0.0,3.170462441601448e-15,1.526540924975878e-19,2.760024408626544e-15,2.961626290377048e-19,2.244796056882623e-15,3.5266216438236285e-18,1.780218102343128e-15,1.5538657756085702e+50,1.6322006759166706e-15,2.584427607307667e+67,1.6079854390836193e-15,1.5379185541854183e+78,4.43110061630472e-15,6.418299247520423e+83,6.4351521321414555e-12
199,0.0,3.1686687593208623e-15,1.526540924975878e-19,2.7588384447239345e-15,2.961626290377048e-19,2.2464124840101173e-15,3.2106174711278927e-18,1.779703507623974e-15,2.865019176351651e+50,1.632068253444788e-15,5.860489997115446e+67,1.6062994793645686e-15,3.935069443800427e+78,3.969262946067312e-15,1.7533747918215037e+84,5.645865976581905e-12
200,0.0,3.1650881895330305e-15,1.526540924975878e-19,2.7555916622337255e-15,2.961626290377048e-19,2.244048039339926e-15,3.1868751135187543e-18,1.7787238086369138e-15,5.28276189297198e+50,1.6334906261812454e-15,1.3289500917561737e+68,1.604142902120672e-15,1.006870827057088e+79,3.592922541565736e-15,4.790097612952079e+84,4.942580634134401e-12
201,0.0,3.166298110312321e-15,1.526540924975878e-19,2.756509726814981e-15,2.961626290377048e-19,2.2396214153229064e-15,3.284311155976227e-18,1.7774169622315113e-15,9.741227470293266e+50,1.6303376428395508e-15,3.013619634811718e+68,1.6062433565958725e-15,2.5763053121438414e+79,3.276345766023707e-15,1.3086648376345492e+85,4.356063262178407e-12
202,0.0,3.16392200608735e-15,1.526540924975878e-19,2.755280377890493e-15,2.961626290377048e-19,2.237917678209201e-15,3.338176300597104e-18,1.7763196438815764e-15,1.7963260083419006e+51,1.6298531213885775e-15,6.833970005531099e+68,1.5998731413245437e-15,6.592088647735144e+79,3.0008687634436283e-15,3.5754164461226114e+85,3.831186844742949e-12
203,0.0,3.163726887796358e-15,1.526540924975878e-19,2.7545212980153563e-15,2.961626290377048e-19,2.2378546073263538e-15,3.295361573926523e-18,1.7749361900636146e-15,3.312646860990195e+51,1.6296622454529846e-15,1.5497527472036816e+69,1.5953730996248986e-15,1.6867503732140675e+80,2.7818610688097686e-15,9.768741940461515e+85,3.3766298080578e-12
204,0.0,3.163077248870599e-15,1.526540924975878e-19,2.753121313817215e-15,2.961626290377048e-19,2.2373119750146954e-15,3.403255856158162e-18,1.7717372552663598e-15,6.10918568462978e+51,1.6269662235331534e-15,3.514441595135058e+69,1.595628042447896e-15,4.3159915600554177e+80,2.6048363780808625e-15,2.6690955820415377e+86,2.9743410901138288e-12
205,0.0,3.16352786434832e-15,1.526540924975878e-19,2.7506858218085686e-15,2.961626290377048e-19,2.238901351048807e-15,3.2732455700016992e-18,1.7721970702591781e-15,1.1267028876449103e+52,1.6257086818030644e-15,7.969933059720738e+69,1.5902019723341386e-15,1.1043641160578189e+81,2.459830685061396e-15,7.29294254067719e+86,2.61589253542287e-12
206,0.0,3.1619013401127066e-15,1.526540924975878e-19,2.7498200662528967e-15,2.961626290377048e-19,2.236859014857547e-15,3.02433263153645e-18,1.7704916091187751e-15,2.0780361054482735e+52,1.624488702184087e-15,1.807412612960812e+70,1.5854199732484504e-15,2.8258288166152427e+81,2.338258345636681e-15,1.9927569460184904e+87,2.302421619985444e-12
207,0.0,3.1608907510111018e-15,1.526540924975878e-19,2.7504864171138835e-15,2.961626290377048e-19,2.2369501544033283e-15,3.0452015393468996e-18,1.7731578384625432e-15,3.8327816441113145e+52,1.6224474152386922e-15,4.098869613903087e+70,1.582981508578064e-15,7.230714470470403e+81,2.2413742371262373e-15,5.445257871851339e+87,2.024734680548962e-12
208,0.0,3.1574795657029408e-15,1.526540924975878e-19,2.747755719609974e-15,2.961626290377048e-19,2.2359715449844745e-15,3.1892289576910524e-18,1.7697185266994866e-15,7.069555149879421e+52,1.6217327334948555e-15,9.295546571686789e+70,1.5806435473905583e-15,1.8501984553628137e+82,2.1591268324045583e-15,1.4879723637986198e+88,1.7760545261346512e-12
209,0.0,3.150494824743326e-15,1.526540924975878e-19,2.7444466966132427e-15,2.961626290377048e-19,2.2340147806656902e-15,3.24216783510216e-18,1.7676435319242856e-15,1.304027750570487e+53,1.6210170241902942e-15,2.1080925253972453e+71,1.579881053107446e-15,4.734314408307932e+82,2.084492973875968e-15,4.066149039446698e+88,1.5625458245491624e-12
210,0.0,3.150222746147522e-15,1.526540924975878e-19,2.7440173330878943e-15,2.961626290377048e-19,2.2328760176619473e-15,3.440293251313118e-18,1.7668166533801404e-15,2.405459456934291e+53,1.6166263568648864e-15,4.780883892778969e+71,1.5823026856971095e-15,1.2114277070437373e+83,2.0213669066083242e-15,1.1111775626384787e+89,1.3711148553347866e-12
211,0.0,3.144464158788065e-15,1.526540924975878e-19,2.7443159110831817e-15,2.961626290377048e-19,2.232382697145972e-15,3.6137133655561914e-18,1.766535822754721e-15,4.437367912464251e+53,1.616308858282021e-15,1.0842524222660574e+72,1.580626421676875e-15,3.099841425049888e+83,1.9680957185305176e-15,3.0366526014520913e+89,1.2061681510721935e-12
212,0.0,3.145525098381586e-15,1.526540924975878e-19,2.7446636519730698e-15,2.961626290377048e-19,2.2330953523790416e-15,3.714901165157608e-18,1.767526587526174e-15,8.185943788916374e+53,1.6160151695700283e-15,2.458986647758882e+72,1.57882030517113e-15,7.932004823405588e+83,1.927748353474569e-15,8.298851179185935e+89,1.0615440731263823e-12
213,0.0,3.147967751304786e-15,1.526540924975878e-19,2.7429566742138028e-15,2.961626290377048e-19,2.231828791208426e-15,3.2255951161733975e-18,1.7647372585560061e-15,1.5101766050543575e+54,1.6178239495187465e-15,5.5768042125827986e+72,1.5782529453883109e-15,2.029681658884999e+84,1.887946705762768e-15,2.2680457417437705e+90,9.306108278031746e-13
214,0.0,3.1476919628096505e-15,1.526540924975878e-19,2.742466811783885e-15,2.961626290377048e-19,2.227356377143339e-15,3.459512246962744e-18,1.7635892548033646e-15,2.7861347777767216e+54,1.616115276558268e-15,1.2647887063929729e+73,1.5781641998251115e-15,5.1936694013656995e+84,1.857753409767458e-15,6.198639261820242e+90,8.179545286465787e-13
215,0.0,3.145960001576787e-15,1.526540924975878e-19,2.739093274732927e-15,2.961626290377048e-19,2.2286985843153843e-15,3.53346863552307e-18,1.7611665180545598e-15,5.140337748274935e+54,1.611979789312469e-15,2.868493128659864e+73,1.57340833109424e-15,1.3289910158124176e+85,1.8312552711918018e-15,1.6941481975146244e+91,7.210077770469113e-13
216,0.0,3.1474941429044185e-15,1.526540924975878e-19,2.7404858360664453e-15,2.961626290377048e-19,2.2292796327708423e-15,3.497060562055379e-18,1.7603449621459782e-15,9.484099302578385e+54,1.610277060250726e-15,6.505681615466484e+73,1.5694081100168962e-15,3.400721852414151e+85,1.806323948466599e-15,4.63038051338006e+91,6.347335359582888e-13
217,0.0,3.1430113339930233e-15,1.526540924975878e-19,2.7410465475312674e-15,2.961626290377048e-19,2.2294019620335674e-15,3.2123729595314533e-18,1.756810251318643e-15,1.7499078907763944e+55,1.6057433926680926e-15,1.4754852062567585e+74,1.5642575088515398e-15,8.702047680518406e+85,1.785389863315798e-15,1.2655869452144012e+92,5.586493750671902e-13
218,0.0,3.1423908936425704e-15,1.526540924975878e-19,2.7380907290018402e-15,2.961626290377048e-19,2.2279456071342145e-15,3.546354032458223e-18,1.7582577637361505e-15,3.2288562275014994e+55,1.6085246941118952e-15,3.3464156720703784e+74,1.5632225989961105e-15,2.2267581051833045e+86,1.7697446801892771e-15,3.4592112929708707e+92,4.909788062563758e-13
219,0.0,3.1423422031072774e-15,1.526540924975878e-19,2.7367705460677962e-15,2.961626290377048e-19,2.223563015669048e-15,3.6632070686689724e-18,1.7584423056037803e-15,5.957943934541066e+55,1.607832843191235e-15,7.589755674231991e+74,1.564034601758116e-15,5.698044290051354e+86,1.7522307554672245e-15,9.455223014651871e+92,4.3139842661737787e-13
220,0.0,3.1369520487733267e-15,1.526540924975878e-19,2.735559536762606e-15,2.961626290377048e-19,2.2236685686700053e-15,3.486667750060804e-18,1.7597066649582933e-15,1.0994059256318314e+56,1.6097736804317572e-15,1.7213869434827682e+75,1.561825896197286e-15,1.4580746364184457e+87,1.7428479367034933e-15,2.5844958285237234e+93,3.8004119949768983e-13
221,0.0,3.135933168351764e-15,1.526540924975878e-19,2.735100890809196e-15,2.961626290377048e-19,2.2245624443242278e-15,3.4618327028778373e-18,1.7586443696836036e-15,2.028773043125543e+56,1.6078690522328962e-15,3.904198860523635e+75,1.554659485588831e-15,3.7310821183423515e+87,1.7265245883762309e-15,7.064624138719592e+93,3.3328413018186707e-13
222,0.0,3.1339240675261408e-15,1.526540924975878e-19,2.7330085006114722e-15,2.961626290377048e-19,2.2244502713705417e-15,3.2654857181480493e-18,1.7547105945559935e-15,3.7438838539483954e+56,1.6039870973658475e-15,8.854988332509853e+75,1.5533273262546143e-15,9.54752799391553e+87,1.708115616227922e-15,1.931128851722278e+94,2.9275168458657997e-13
223,0.0,3.1345820883702246e-15,1.526540924975878e-19,2.730610457647338e-15,2.961626290377048e-19,2.2219498021164387e-15,3.165432072976452e-18,1.7529429612655943e-15,6.909149032217634e+56,1.6049345511957638e-15,2.0083833684373736e+76,1.5551087771027706e-15,2.4431386708976962e+88,1.6963657021109322e-15,5.278885164602614e+94,2.5738014683656603e-13
224,0.0,3.1325747713545443e-15,1.526540924975878e-19,2.730239430619608e-15,2.961626290377048e-19,2.222282478903571e-15,2.9292171777750693e-18,1.7504872959015446e-15,1.2750870426180798e+57,1.5995713704503376e-15,4.555202884140487e+76,1.5555352222427435e-15,6.251817698797078e+88,1.68635197689682e-15,1.4430512548821634e+95,2.2637725571952772e-13
225,0.0,3.129270173905243e-15,1.526540924975878e-19,2.729535663324178e-15,2.961626290377048e-19,2.221667244200097e-15,2.9303113952751317e-18,1.748044830330887e-15,2.3532494903128827e+57,1.5948428836257183e-15,1.0331687139032313e+77,1.5526244177661607e-15,1.5997991811095415e+89,1.6776472516484912e-15,3.94484272479241e+95,1.988273305584103e-13
226,0.0,3.1281640356976966e-15,1.526540924975878e-19,2.726627966261297e-15,2.961626290377048e-19,2.220679201439045e-15,3.1802490263374955e-18,1.7482023149298964e-15,4.3431894878432866e+57,1.5947663239008611e-15,2.343349743556832e+77,1.5562363979656769e-15,4.093790174088989e+89,1.669523031956361e-15,1.0784148073684152e+96,1.7464276746410503e-13
227,0.0,3.1285973494854084e-15,1.526540924975878e-19,2.727970214960074e-15,2.961626290377048e-19,2.217940772500288e-15,3.0418411191732453e-18,1.748768414706519e-15,8.016080010118512e+57,1.593940081108274e-15,5.315024274751719e+77,1.5548165719961048e-15,1.04757856097647e+90,1.6577631725655813e-15,2.948153062654269e+96,1.5326174759693513e-13
228,0.0,3.1286494241015515e-15,1.526540924975878e-19,2.727960583371642e-15,2.961626290377048e-19,2.22130705127364e-15,2.9954483106452373e-18,1.7472636714025456e-15,1.4795429360057871e+58,1.5943795603599416e-15,1.2055232846838442e+78,1.5524263345915974e-15,2.6807018119048576e+90,1.6504069795430335e-15,8.059759375393928e+96,1.345211604776553e-13
229,0.0,3.1261903672958783e-15,1.526540924975878e-19,2.725975601745505e-15,2.961626290377048e-19,2.218702863475301e-15,2.849990191200391e-18,1.7495116385802444e-15,2.7308960648348157e+58,1.598110416983062e-15,2.7343122024006895e+78,1.5470311156561828e-15,6.859797068355233e+90,1.6435955929232765e-15,2.203442996974316e+97,1.182837294410332e-13
230,0.0,3.1251377939076345e-15,1.526540924975878e-19,2.7257384248485204e-15,2.961626290377048e-19,2.214566655832787e-15,3.0203952681349902e-18,1.7502283106103024e-15,5.040744084746862e+58,1.5970307579578068e-15,6.2018703496316074e+78,1.5472696938898418e-15,1.7553949918462985e+91,1.6396420575080002e-15,6.024057303555019e+97,1.0408282807052101e-13
231,0.0,3.124958064807713e-15,1.526540924975878e-19,2.721257714589653e-15,2.961626290377048e-19,2.214194947680983e-15,3.031754004602161e-18,1.750181429472428e-15,9.304559517385415e+58,1.5975728296201715e-15,1.4066928855535646e+79,1.5483008514613198e-15,4.4919947591539096e+91,1.6369385378546324e-15,1.6469626100247593e+98,9.159573418053918e-14
232,0.0,3.1231044117681416e-15,1.526540924975878e-19,2.7222160347092525e-15,2.961626290377048e-19,2.2124506240124903e-15,3.196789997769373e-18,1.7500823444503093e-15,1.7175464663512777e+59,1.5955659216931479e-15,3.1906404494413415e+79,1.5455301204991451e-15,1.1494878888267353e+92,1.638039114415381e-15,4.502830504185286e+98,8.033791793316504e-14
233,0.0,3.1228804623262635e-15,1.526540924975878e-19,2.724272723588746e-15,2.961626290377048e-19,2.2108229922491633e-15,3.218931256155166e-18,1.75003801741335e-15,3.170534622239714e+59,1.5980727135214256e-15,7.236996359696807e+79,1.5439915892169504e-15,2.9415098465780593e+92,1.6337189713789078e-15,1.2311033730304368e+99,7.049595447354159e-14
234,0.0,3.1223583816213604e-15,1.526540924975878e-19,2.7252575853177876e-15,2.961626290377048e-19,2.2099296442769984e-15,3.16698945509195e-18,1.7491950200073313e-15,5.852853529036018e+59,1.5958287026204391e-15,1.641499290195633e+80,1.5433849260668117e-15,7.527260331794559e+92,1.6294626836057834e-15,3.3659708917980035e+99,6.20225402712335e-14
235,0.0,3.1225942711818806e-15,1.526540924975878e-19,2.7247998314855494e-15,2.961626290377048e-19,2.212127988757325e-15,3.000229236348588e-18,1.7510630529244832e-15,1.0804726771430264e+60,1.597695426030486e-15,3.723272729657164e+80,1.5418205600339577e-15,1.926212806940624e+93,1.6271883491404881e-15,9.20307494205443e+99,5.459112184895651e-14
236,0.0,3.121588309244537e-15,1.526540924975878e-19,2.7227324049088577e-15,2.961626290377048e-19,2.209448480559179e-15,2.9487289877425287e-18,1.7502404401793084e-15,1.9946685002376714e+60,1.5971115805044583e-15,8.445215843474517e+80,1.5392105465533445e-15,4.929152701510857e+93,1.6250283335886032e-15,2.516298665354003e+100,4.80617552229336e-14
237,0.0,3.1227803522176317e-15,1.526540924975878e-19,2.7237565940316233e-15,2.961626290377048e-19,2.210040837547113e-15,2.9275224736591446e-18,1.7510841293533953e-15,3.682462304357475e+60,1.5991846556302135e-15,1.915571482201884e+81,1.5407058054528968e-15,1.2613654575514743e+94,1.6188917014757843e-15,6.8801499513176075e+100,4.2304101154958075e-14
238,0.0,3.1209979222550145e-15,1.526540924975878e-19,2.721899528118667e-15,2.961626290377048e-19,2.2082835014614664e-15,3.0573872300117454e-18,1.7491879247098734e-15,6.798551106114154e+60,1.5988103312980647e-15,4.3449784722702365e+81,1.53891381493382e-15,3.227826838595512e+94,1.6153924086571828e-15,1.8812216701556083e+101,3.714203906167326e-14
239,0.0,3.1196904260962464e-15,1.526540924975878e-19,2.7217344309088326e-15,2.961626290377048e-19,2.2071198462547557e-15,2.9934575166184195e-18,1.749069905525722e-15,1.2551763238170284e+61,1.5953964122828655e-15,9.855496446898362e+81,1.5422257017189289e-15,8.260001683008182e+94,1.6134090833629672e-15,5.143849611794603e+101,3.276587374442184e-14
240,0.0,3.1194434107601758e-15,1.526540924975878e-19,2.7226795035599194e-15,2.961626290377048e-19,2.204850527716151e-15,3.0593809742247273e-18,1.7472546942822004e-15,2.3174120890773937e+61,1.594724792044195e-15,2.235480819644133e+82,1.5399745530880956e-15,2.1137354747940012e+95,1.610172600142092e-15,1.4065094196991829e+102,2.883759590919529e-14
241,0.0,3.120456579952896e-15,1.526540924975878e-19,2.7205852421982287e-15,2.961626290377048e-19,2.205374010052207e-15,3.0649126277525317e-18,1.7476833203957686e-15,4.278699638152387e+61,1.5963442592989585e-15,5.070664918088421e+82,1.541166615042332e-15,5.409058896951948e+95,1.6069424179989837e-15,3.845944333027816e+102,2.5404251900295756e-14
242,0.0,3.1167887038277994e-15,1.526540924975878e-19,2.7183603053171077e-15,2.961626290377048e-19,2.2061676839070645e-15,3.205544471870912e-18,1.7475570562217447e-15,7.900056243691455e+61,1.5981470210875462e-15,1.150165552230597e+83,1.5371355635665904e-15,1.384182453022468e+96,1.6017516654885423e-15,1.051645061203121e+103,2.2453996880147862e-14
243,0.0,3.1156214387013437e-15,1.526540924975878e-19,2.7156685130918714e-15,2.961626290377048e-19,2.2049717663819235e-15,2.9782193905295455e-18,1.7453340393416963e-15,1.4586740861003672e+62,1.5963465316198523e-15,2.6088988351026845e+83,1.5320396633580519e-15,3.5421382336814703e+96,1.6016350239618551e-15,2.875683618936319e+103,1.9786701036854917e-14
244,0.0,3.1172298362058433e-15,1.526540924975878e-19,2.71325922778347e-15,2.961626290377048e-19,2.2034095080369048e-15,3.280686444539643e-18,1.7435229158352994e-15,2.6933693104707454e+62,1.5971525888079673e-15,5.917735096622632e+83,1.5316853322836714e-15,9.064381832989173e+96,1.5997443404764014e-15,7.863549548359281e+103,1.743845043571642e-14
245,0.0,3.117042127995985e-15,1.526540924975878e-19,2.712517142119736e-15,2.961626290377048e-19,2.2020572905569045e-15,3.1517539118057327e-18,1.7422595688589907e-15,4.973280543932135e+62,1.5981037225190062e-15,1.3423172217225023e+84,1.5277510042630442e-15,2.319590815926527e+97,1.5963608906087032e-15,2.150312823067299e+104,1.5410637719406287e-14
246,0.0,3.1172131564930647e-15,1.526540924975878e-19,2.7115950536099106e-15,2.961626290377048e-19,2.2017150172156392e-15,3.0196743855287534e-18,1.7427138770562298e-15,9.183310755463599e+62,1.5982201128515152e-15,3.044781462045697e+84,1.5305276546919939e-15,5.935879226604554e+97,1.593840892858578e-15,5.880172185282547e+104,1.3653040577919844e-14
247,0.0,3.1155039899150033e-15,1.526540924975878e-19,2.7093715303491548e-15,2.961626290377048e-19,2.199572210283435e-15,3.030168076756992e-18,1.7452747542899863e-15,1.6957613614587156e+63,1.5951695172603795e-15,6.906505752842676e+84,1.5301229792717946e-15,1.5190049968546973e+98,1.594676747745812e-15,1.6079913739897196e+105,1.2115644103069585e-14
248,0.0,3.114487744121811e-15,1.526540924975878e-19,2.7110085344997377e-15,2.961626290377048e-19,2.200423732697166e-15,2.9978739227404136e-18,1.744375517765154e-15,3.131404614674319e+63,1.5920205909424163e-15,1.566613556223952e+85,1.5306040414264269e-15,3.887172420053465e+98,1.5909706015822897e-15,4.397264119584831e+105,1.0764611344437069e-14
249,0.0,3.1148093804166873e-15,1.526540924975878e-19,2.708686355297736e-15,2.961626290377048e-19,2.198093313216631e-15,2.764489593076951e-18,1.7417736096121499e-15,5.7825913597880405e+63,1.5907423300037612e-15,3.553584113356434e+85,1.5345367597818457e-15,9.94738318847736e+98,1.586134164795305e-15,1.2025037843848978e+106,9.594977263773018e-15
